Book Id,Title,Author,Author l-f,Additional Authors,ISBN,ISBN13,My Rating,Average Rating,Publisher,Binding,Number of Pages,Year Published,Original Publication Year,Date Read,Date Added,Bookshelves,Bookshelves with positions,Exclusive Shelf,My Review,Spoiler,Private Notes,Read Count,Recommended For,Recommended By,Owned Copies,Original Purchase Date,Original Purchase Location,Condition,Condition Description,BCID
6393972,This World We Live In,Susan Beth Pfeffer,"Pfeffer, Susan Beth",,0547248040,9780547248042,,3.80,,,256,2010,2010,1/02/2015,1/05/2015,,,read,,,,1,,,,,,,,
18196040,The Walled City,Ryan Graudin,"Graudin, Ryan",,0316405051,9780316405058,,3.87,,,424,2014,2014,1/04/2015,1/05/2015,,,read,,,,1,,,,,,,,
18009950,"Liars, Inc.",Paula Stokes,"Stokes, Paula",,0062323288,9780062323286,,3.58,,,362,2015,2015,12/11/2015,1/05/2015,,,read,,,,1,,,,,,,,
22055262,A Darker Shade of Magic,V.E. Schwab,"Schwab, V.E.",,0765376458,9780765376459,,4.07,,,400,2015,2015,12/04/2015,1/05/2015,,,read,,,,1,,,,,,,,
15839976,Red Rising,Pierce Brown,"Brown, Pierce",,0345539788,9780345539786,,4.25,,,382,2014,2014,12/23/2015,1/12/2015,,,read,,,,1,,,,,,,,
23734628,Carry On,Rainbow Rowell,"Rowell, Rainbow",,1250049555,9781250049551,,4.20,,,522,2015,2015,11/27/2015,1/13/2015,,,read,,,,1,,,,,,,,
17697565,The Memory Key,Liana Liu,"Liu, Liana",,0062306642,9780062306647,,3.24,,,368,2015,2015,,1/13/2015,,,read,,,,1,,,,,,,,
22529162,An Ember in the Ashes,Sabaa Tahir,"Tahir, Sabaa",,,,,4.27,,,464,2015,2015,7/05/2015,1/13/2015,,,read,,,,1,,,,,,,,
7613,Animal Farm,George Orwell,"Orwell, George",,0452284244,9780452284241,,3.97,,,122,2003,1945,1/15/2015,1/15/2015,,,read,,,,1,,,,,,,,
8525590,Wither,Lauren DeStefano,"DeStefano, Lauren",,1442409053,9781442409057,,3.80,,,358,2011,2011,9/14/2015,1/24/2015,,,read,,,,1,,,,,,,,
16143347,We Were Liars,E. Lockhart,"Lockhart, E.",,,,,3.77,,,242,2014,2014,1/26/2015,1/27/2015,,,read,,,,1,,,,,,,,
2768169,The Underneath,Kathi Appelt,"Appelt, Kathi",,1416950583,9781416950585,,3.96,,,313,2008,2008,,1/27/2015,,,read,,,,1,,,,,,,,
15745753,Eleanor & Park,Rainbow Rowell,"Rowell, Rainbow",,1250012570,9781250012579,,3.99,,,328,2013,2012,1/30/2015,1/30/2015,,,read,,,,1,,,,,,,,
17878931,Red Queen,Victoria Aveyard,"Aveyard, Victoria",,1409151174,9781409151173,,4.04,,,383,2015,2015,,1/30/2015,,,read,,,,1,,,,,,,,
68496,Un Lun Dun,China Miéville,"Miéville, China",,0345495160,9780345495167,,3.82,,,432,2007,2007,,1/31/2015,,,read,,,,1,,,,,,,,
6457229,The Monstrumologist,Rick Yancey,"Yancey, Rick",,1416984488,9781416984481,,3.89,,,434,2009,2009,,2/01/2015,,,read,,,,1,,,,,,,,
10507293,The Selection,Kiera Cass,"Cass, Kiera",,0062059939,9780062059932,,4.11,,,336,2012,2012,2/02/2015,2/01/2015,,,read,,,,1,,,,,,,,
16248068,The Elite,Kiera Cass,"Cass, Kiera",,0062059963,9780062059963,,3.98,,,336,2013,2013,2/07/2015,2/07/2015,,,read,,,,1,,,,,,,,
18635016,The One,Kiera Cass,"Cass, Kiera",,0062059998,9780062059994,,4.18,,,323,2014,2014,2/09/2015,2/09/2015,,,read,,,,1,,,,,,,,
22918050,The Heir,Kiera Cass,"Cass, Kiera",,,,,3.70,,,342,2015,2015,8/21/2015,2/09/2015,,,read,,,,1,,,,,,,,
9361589,The Night Circus,Erin Morgenstern,"Morgenstern, Erin",,0385534635,9780385534635,,4.03,,,630,2011,2011,6/06/2015,2/09/2015,,,read,,,,3,,,,,,,,
17852690,The Leveller,Julia Durango,"Durango, Julia",,0062314009,9780062314000,,3.67,,,256,2015,2015,9/13/2015,2/09/2015,,,read,,,,1,,,,,,,,
17703205,月刊少女野崎くん 1 [Gekkan Shoujo Nozaki-kun 1],Izumi Tsubaki,"Tsubaki, Izumi",,,,,4.36,,,146,2012,2012,1/27/2015,2/11/2015,,,read,,,,1,,,,,,,,
17703212,月刊少女野崎くん 2 [Gekkan Shoujo Nozaki-kun 2],Izumi Tsubaki,"Tsubaki, Izumi",,4757537778,9784757537774,,4.37,,,146,2012,2012,1/27/2015,2/11/2015,,,read,,,,1,,,,,,,,
22855256,月刊少女野崎くん 5 [Gekkan Shoujo Nozaki-kun 5],Izumi Tsubaki,"Tsubaki, Izumi",,4757543530,9784757543539,,4.42,,,144,2014,2014,1/28/2015,2/11/2015,,,read,,,,1,,,,,,,,
22855253,月刊少女野崎くん 4 [Gekkan Shoujo Nozaki-kun 4],Izumi Tsubaki,"Tsubaki, Izumi",,4757542038,9784757542037,,4.46,,,147,2014,2014,1/28/2015,2/11/2015,,,read,,,,1,,,,,,,,
22855252,月刊少女野崎くん 3 [Gekkan Shoujo Nozaki-kun 3],Izumi Tsubaki,"Tsubaki, Izumi",,4757539851,9784757539853,,4.43,,,144,2013,2013,1/27/2015,2/11/2015,,,read,,,,1,,,,,,,,
6595461,Tender Morsels,Margo Lanagan,"Lanagan, Margo",,0375843051,9780375843051,,3.58,,,464,2010,2007,2/26/2015,2/12/2015,,,read,,,,1,,,,,,,,
21936988,The Sin Eater's Daughter,Melinda Salisbury,"Salisbury, Melinda",,1760151572,9781760151577,,3.48,,,336,2015,2015,4/17/2015,2/13/2015,,,read,,,,1,,,,,,,,
5852045,Adventures in Cartooning: How to Turn Your Doodles Into Comics,James Sturm,"Sturm, James",,1596433698,9781596433694,,4.15,,,112,2009,2009,,2/17/2015,,,read,,,,1,,,,,,,,
18659623,Through the Woods,Emily Carroll,"Carroll, Emily",,1442465956,9781442465954,,3.93,,,208,2014,2014,3/28/2015,2/26/2015,,,read,,,,1,,,,,,,,
20821306,Zodiac,Romina Russell,"Russell, Romina",,1595147403,9781595147400,,3.72,,,325,2014,2014,,2/28/2015,,,read,,,,1,,,,,,,,
13112869,Not a Drop to Drink,Mindy McGinnis,"McGinnis, Mindy",,,,,3.82,,,309,2013,2013,5/09/2015,2/28/2015,,,read,,,,1,,,,,,,,
38898402,Nimona,Noelle Stevenson,"Stevenson, Noelle",,,,,4.15,,,272,2015,2015,5/30/2015,3/08/2015,,,read,,,,1,,,,,,,,
23129410,Welcome to Night Vale,Joseph Fink,"Fink, Joseph",,0062351427,9780062351425,,3.82,,,401,2015,2015,10/26/2015,3/15/2015,,,read,,,,1,,,,,,,,
8041873,"Hold Me Closer, Necromancer",Lish McBride,"McBride, Lish",,0805090983,9780805090987,,3.88,,,343,2010,2010,4/23/2015,3/19/2015,,,read,,,,1,,,,,,,,
17571564,"Hyperbole and a Half: Unfortunate Situations, Flawed Coping Mechanisms, Mayhem, and Other Things That Happened",Allie Brosh,"Brosh, Allie",,1451666179,9781451666175,,4.15,,,371,2019,2013,5/25/2015,3/26/2015,,,read,,,,1,,,,,,,,
18178029,ハイ☆スピード！ [High Speed!],Kouji Ouji,"Ouji, Kouji",,4907064063,9784907064068,,4.10,,,231,2013,2013,3/29/2015,3/28/2015,,,read,,,,1,,,,,,,,
6081685,Maid-sama! Vol. 01,Hiro Fujiwara,"Fujiwara, Hiro",,1427814031,9781427814036,,4.43,,,208,2009,2006,3/29/2015,3/29/2015,,,read,,,,1,,,,,,,,
6081686,Maid-sama! Vol. 02,Hiro Fujiwara,"Fujiwara, Hiro",,142781404X,9781427814043,,4.51,,,208,2009,2007,3/29/2015,3/29/2015,,,read,,,,1,,,,,,,,
6609611,Maid-sama! Vol. 03,Hiro Fujiwara,"Fujiwara, Hiro",,1427814058,9781427814050,,4.50,,,208,2009,2007,3/29/2015,3/29/2015,,,read,,,,1,,,,,,,,
6609612,Maid-sama! Vol. 04,Hiro Fujiwara,"Fujiwara, Hiro",,1427814066,9781427814067,,4.51,,,179,2010,2007,3/30/2015,3/30/2015,,,read,,,,1,,,,,,,,
23128990,月刊少女野崎くん 6 [Gekkan Shoujo Nozaki-kun 6],Izumi Tsubaki,"Tsubaki, Izumi",,4757543786,9784757543782,,4.43,,,146,2015,2015,3/31/2015,3/31/2015,,,read,,,,1,,,,,,,,
5266733,The Reformed Vampire Support Group,Catherine Jinks,"Jinks, Catherine",,0152066098,9780152066093,,3.50,,,368,2009,2009,4/06/2015,4/06/2015,,,read,,,,1,,,,,,,,
6706433,Maid-sama! Vol. 06,Hiro Fujiwara,"Fujiwara, Hiro",,,9789792336252,,4.47,,,,2009,2008,4/18/2015,4/18/2015,,,read,,,,1,,,,,,,,
6660793,Maid-sama! Vol. 05,Hiro Fujiwara,"Fujiwara, Hiro",,,9789792335989,,4.53,,,,2009,2008,3/15/2015,4/18/2015,,,read,,,,1,,,,,,,,
7577078,Maid-sama! Vol. 07,Hiro Fujiwara,"Fujiwara, Hiro",,,9789792338584,,4.55,,,,2010,2009,4/18/2015,4/18/2015,,,read,,,,1,,,,,,,,
54479,Around the World in Eighty Days,Jules Verne,"Verne, Jules",,014044906X,9780140449068,,3.94,,,252,2004,1872,4/18/2015,4/18/2015,,,read,,,,1,,,,,,,,
13409145,Necromancing the Stone,Lish McBride,"McBride, Lish",,0805090991,9780805090994,,4.10,,,344,2012,2012,4/26/2015,4/24/2015,,,read,,,,1,,,,,,,,
10151346,Necromancer,Lish McBride,"McBride, Lish",,,,,3.71,,,69,2011,2011,4/24/2015,4/24/2015,,,read,,,,1,,,,,,,,
91358,The Number Devil: A Mathematical Adventure,Hans Magnus Enzensberger,"Enzensberger, Hans Magnus",,0805062998,9780805062991,,3.92,,,264,2000,1997,5/09/2015,5/09/2015,,,read,,,,1,,,,,,,,
21469108,The Ghosts of Heaven,Marcus Sedgwick,"Sedgwick, Marcus",,1626721254,9781626721258,,3.71,,,360,2015,2015,5/12/2015,5/12/2015,,,read,,,,1,,,,,,,,
10194157,Shadow and Bone,Leigh Bardugo,"Bardugo, Leigh",,,,,3.96,,,358,2012,2012,,5/12/2015,,,read,,,,1,,,,,,,,
18453088,I Am the Weapon,Allen Zadoff,"Zadoff, Allen",,0316199672,9780316199674,,3.94,,,368,2014,2013,5/23/2015,5/23/2015,,,read,,,,1,,,,,,,,
22428828,Welcome to Shadowhunter Academy,Cassandra Clare,"Clare, Cassandra",,,,,4.10,,,78,2015,2015,,5/28/2015,,,read,,,,1,,,,,,,,
8475505,Rebel Belle,Rachel Hawkins,"Hawkins, Rachel",,0399256938,9780399256936,,3.81,,,345,2014,2014,5/31/2015,5/30/2015,,,read,,,,1,,,,,,,,
22465605,Miss Mayhem,Rachel Hawkins,"Hawkins, Rachel",,0399256946,9780399256943,,3.47,,,273,2015,2015,6/02/2015,5/31/2015,,,read,,,,1,,,,,,,,
13330943,The Night Circus,Erin Morgenstern,"Morgenstern, Erin",,0307744434,9780307744432,,4.03,,,516,2012,2011,3/25/2015,6/06/2015,,,read,,,,1,,,,,,,,
1617,Night,Elie Wiesel,"Wiesel, Elie",,,,,4.35,,,115,2006,1956,6/18/2015,6/18/2015,,,read,,,,1,,,,,,,,
763167,Danny the Champion of the World,Roald Dahl,"Dahl, Roald",,0141301147,9780141301143,,4.09,,,205,1998,1975,6/18/2015,6/18/2015,,,read,,,,1,,,,,,,,
9160695,Battle Hymn of the Tiger Mother,Amy Chua,"Chua, Amy",,1594202842,9781594202841,,3.64,,,237,2011,2011,6/26/2015,6/26/2015,,,read,,,,1,,,,,,,,
7021457,"Beltway Bloopers: Hilarious Quotes and Anecdotes from Washington, D.C",Don Reid,"Reid, Don",,1435106199,9781435106192,,3.86,,,128,2008,2008,6/26/2015,6/26/2015,,,read,,,,1,,,,,,,,
8428716,The Missing Golden Ticket and Other Splendiferous Secrets,Roald Dahl,"Dahl, Roald",,0142417424,9780142417423,,3.81,,,128,2010,2010,6/26/2015,6/26/2015,,,read,,,,1,,,,,,,,
20560137,An Ember in the Ashes,Sabaa Tahir,"Tahir, Sabaa",,1595148035,9781595148032,,4.27,,,446,2015,2015,6/30/2015,6/30/2015,,,read,,,,1,,,,,,,,
7766027,I Hunt Killers,Barry Lyga,"Lyga, Barry",,0316125849,9780316125840,,4.02,,,359,2012,2012,,7/03/2015,,,read,,,,1,,,,,,,,
295741,Evil Genius,Catherine Jinks,"Jinks, Catherine",,0152059881,9780152059880,,3.81,,,552,2007,2005,7/05/2015,7/05/2015,,,read,,,,1,,,,,,,,
5287473,Hex Hall,Rachel Hawkins,"Hawkins, Rachel",,1423121309,9781423121305,,3.92,,,323,2010,2010,7/06/2015,7/06/2015,,,read,,,,1,,,,,,,,
8428064,Demonglass,Rachel Hawkins,"Hawkins, Rachel",,1423121317,9781423121312,,4.08,,,359,2011,2011,7/07/2015,7/07/2015,,,read,,,,1,,,,,,,,
9565548,Grave Mercy,Robin LaFevers,"LaFevers, Robin",,054762834X,9780547628349,,3.89,,,549,2012,2012,7/09/2015,7/09/2015,,,read,,,,1,,,,,,,,
9165406,Okay for Now,Gary D. Schmidt,"Schmidt, Gary D.",,0547152604,9780547152608,,4.22,,,360,2011,2011,,7/10/2015,,,read,,,,1,,,,,,,,
23245584,The Hanged Man,P.N. Elrod,"Elrod, P.N.",,0765329719,9780765329714,,3.80,,,336,2015,2015,7/14/2015,7/14/2015,,,read,,,,1,,,,,,,,
9111463,How They Croaked,Georgia Bragg,"Bragg, Georgia",,0802798179,9780802798176,,4.08,,,184,2011,2011,7/14/2015,7/14/2015,,,read,,,,1,,,,,,,,
8661987,A Corner of White,Jaclyn Moriarty,"Moriarty, Jaclyn",,1742611397,9781742611396,,3.80,,,400,2012,2012,7/17/2015,7/17/2015,,,read,,,,1,,,,,,,,
18371573,The Cracks in the Kingdom,Jaclyn Moriarty,"Moriarty, Jaclyn",,0545397383,9780545397384,,4.18,,,468,2014,2014,7/24/2015,7/24/2015,,,read,,,,1,,,,,,,,
25578558,A Tangle of Gold,Jaclyn Moriarty,"Moriarty, Jaclyn",,0545397405,9780545397407,,4.31,,,480,2016,2016,,7/24/2015,,,read,,,,1,,,,,,,,
17994,The Code Book: The Science of Secrecy from Ancient Egypt to Quantum Cryptography,Simon Singh,"Singh, Simon",,0385495323,9780385495325,,4.27,,,412,2000,1999,8/10/2015,8/10/2015,,,read,,,,2,,,,,,,,
8695,The Restaurant at the End of the Universe,Douglas Adams,"Adams, Douglas",,,,,4.21,,,250,2005,1980,8/12/2015,8/12/2015,,,read,,,,1,,,,,,,,
3288275,Enchantment Place,Denise Little,"Little, Denise",,0756405106,9780756405106,,3.65,,,352,2008,2008,9/05/2015,9/05/2015,,,read,,,,1,,,,,,,,
17185496,The Sacred Lies of Minnow Bly,Stephanie Oakes,"Oakes, Stephanie",,,,,3.96,,,400,2015,2015,11/28/2015,9/05/2015,,,read,,,,1,,,,,,,,
23281811,Pretending to Be Erica,Michelle Painchaud,"Painchaud, Michelle",,0670014974,9780670014972,,3.72,,,272,2015,2015,10/03/2015,9/05/2015,,,read,,,,1,,,,,,,,
16126395,Orange 1,Ichigo Takano,"Takano, Ichigo",,408846804X,9784088468044,,4.30,,,192,2012,2012,8/26/2015,9/05/2015,,,read,,,,1,,,,,,,,
16177217,Orange 2,Ichigo Takano,"Takano, Ichigo",,4088468619,9784088468617,,4.44,,,176,2012,2012,8/27/2015,9/05/2015,,,read,,,,1,,,,,,,,
22728301,Orange 3,Ichigo Takano,"Takano, Ichigo",,4575844705,9784575844702,,4.42,,,189,2014,2014,8/28/2015,9/05/2015,,,read,,,,1,,,,,,,,
24848311,Orange 4,Ichigo Takano,"Takano, Ichigo",,4575845752,9784575845754,,4.43,,,190,2015,2015,8/29/2015,9/05/2015,,,read,,,,1,,,,,,,,
18673814,一週間フレンズ。1 [Isshuukan Friends. 1],Matcha Hazuki,"Hazuki, Matcha",,475753633X,9784757536333,,3.78,,,156,2012,2012,9/05/2015,9/05/2015,,,read,,,,1,,,,,,,,
20618433,一週間フレンズ。2 [Isshuukan Friends. 2],Matcha Hazuki,"Hazuki, Matcha",,4757537964,9784757537965,,3.86,,,142,2012,2012,9/05/2015,9/05/2015,,,read,,,,1,,,,,,,,
20618443,一週間フレンズ。3 [Isshuukan Friends. 3],Matcha Hazuki,"Hazuki, Matcha",,4757539533,9784757539532,,3.93,,,137,2013,2013,9/05/2015,9/05/2015,,,read,,,,1,,,,,,,,
20618501,一週間フレンズ。4 [Isshuukan Friends. 4],Matcha Hazuki,"Hazuki, Matcha",,4757541376,9784757541375,,3.87,,,142,2013,2013,9/05/2015,9/05/2015,,,read,,,,1,,,,,,,,
25331341,一週間フレンズ。5 [Isshuukan Friends. 5],Matcha Hazuki,"Hazuki, Matcha",,4757542569,9784757542563,,3.92,,,143,2014,2014,9/05/2015,9/05/2015,,,read,,,,1,,,,,,,,
25331513,一週間フレンズ。6 [Isshuukan Friends. 6],Matcha Hazuki,"Hazuki, Matcha",,4757543611,9784757543614,,3.75,,,142,2014,2014,9/05/2015,9/05/2015,,,read,,,,1,,,,,,,,
23272028,A Study in Charlotte,Brittany Cavallaro,"Cavallaro, Brittany",,0062398903,9780062398901,,3.77,,,321,2016,2016,,9/11/2015,,,read,,,,1,,,,,,,,
12993848,"Alice in the Country of Hearts, Vol. 1",QuinRose,QuinRose,,0316212695,9780316212694,,4.26,,,367,2012,2009,9/12/2015,9/12/2015,,,read,,,,1,,,,,,,,
12993862,"Alice in the Country of Hearts, Vol. 2",QuinRose,QuinRose,,0316212725,9780316212724,,4.37,,,366,2012,2009,9/13/2015,9/12/2015,,,read,,,,1,,,,,,,,
12993867,"Alice in the Country of Hearts, Vol. 3",QuinRose,QuinRose,,0316212687,9780316212687,,4.26,,,348,2012,2010,9/13/2015,9/13/2015,,,read,,,,1,,,,,,,,
2657,To Kill a Mockingbird,Harper Lee,"Lee, Harper",,,,,4.27,,,336,2006,1960,10/30/2015,11/01/2015,,,read,,,,1,,,,,,,,
18143977,All the Light We Cannot See,Anthony Doerr,"Doerr, Anthony",,1476746583,9781476746586,,4.32,,,531,2014,2014,11/21/2015,11/21/2015,,,read,,,,2,,,,,,,,
27232732,干物妹！うまるちゃん 1 [Himouto! Umaru-chan #1],Sankaku Head,"Head, Sankaku",,408879706X,9784088797069,,4.16,,,184,2013,2013,11/26/2015,11/26/2015,,,read,,,,1,,,,,,,,
27232852,干物妹！うまるちゃん 2 [Himouto! Umaru-chan #2],Sankaku Head,"Head, Sankaku",,4088797221,9784088797229,,4.21,,,176,2013,2013,11/26/2015,11/26/2015,,,read,,,,1,,,,,,,,
27232873,干物妹！うまるちゃん 3 [Himouto! Umaru-chan #3],Sankaku Head,"Head, Sankaku",,4088798619,9784088798615,,4.29,,,176,2014,2014,11/26/2015,11/26/2015,,,read,,,,1,,,,,,,,
27232989,干物妹！うまるちゃん 4 [Himouto! Umaru-chan #4],Sankaku Head,"Head, Sankaku",,4088900839,9784088900834,,4.38,,,184,2014,2014,11/26/2015,11/26/2015,,,read,,,,1,,,,,,,,
26036079,干物妹！うまるちゃん 5,Sankaku Head,"Head, Sankaku",,,,,4.33,,,172,2015,nown,11/26/2015,11/26/2015,,,read,,,,1,,,,,,,,
25878667,干物妹！うまるちゃん 6,Sankaku Head,"Head, Sankaku",,,,,4.26,,,176,2015,nown,11/26/2015,11/26/2015,,,read,,,,1,,,,,,,,
27798159,干物妹！うまるちゃん 7,Sankaku Head,"Head, Sankaku",,,,,4.26,,,176,2015,nown,11/26/2015,11/26/2015,,,read,,,,1,,,,,,,,
26074181,The Crown,Kiera Cass,"Cass, Kiera",,0062392174,9780062392176,,3.67,,,278,2016,2016,,12/12/2015,,,read,,,,1,,,,,,,,
18806240,Bone Gap,Laura Ruby,"Ruby, Laura",,,,,3.82,,,373,2015,2015,,12/13/2015,,,read,,,,1,,,,,,,,
15715106,The Audition,Rachel Hartman,"Hartman, Rachel",,,,,4.05,,,17,2012,2012,12/25/2015,12/25/2015,,,read,,,,1,,,,,,,,
16085457,Shadow Scale,Rachel Hartman,"Hartman, Rachel",,0375866574,9780375866579,,3.74,,,602,2015,2015,12/28/2015,12/28/2015,,,read,,,,1,,,,,,,,
26192915,Outrun the Moon,Stacey Lee,"Lee, Stacey",,0399175415,9780399175411,,3.98,,,391,2016,2016,,2/11/2016,,,read,,,,1,,,,,,,,
17408897,I Am Princess X,Cherie Priest,"Priest, Cherie",,,,,4.07,,,256,2015,2015,,2/13/2016,,,read,,,,1,,,,,,,,
13455099,Mechanica,Betsy Cornwell,"Cornwell, Betsy",,,,,3.61,,,304,2015,2015,,3/14/2016,,,read,,,,1,,,,,,,,
9681214,The Goddess Test,Aimee Carter,"Carter, Aimee",,0373210264,9780373210268,,3.80,,,293,2011,2011,,7/18/2016,,,read,,,,1,,,,,,,,
22840421,My Lady Jane,Cynthia Hand,"Hand, Cynthia",,,,,4.04,,,512,2016,2016,,8/01/2016,,,read,,,,1,,,,,,,,
18334401,Neverwhere,Neil Gaiman,"Gaiman, Neil",,,,,4.17,,,370,2003,1996,,8/31/2016,,,read,,,,1,,,,,,,,
21524446,A Thousand Nights,E.K. Johnston,"Johnston, E.K.",,1484722272,9781484722275,,3.64,,,325,2015,2015,,9/09/2016,,,read,,,,1,,,,,,,,
6381205,Soulless,Gail Carriger,"Carriger, Gail",,0316056634,9780316056632,,3.88,,,357,2009,2009,,10/09/2016,,,read,,,,1,,,,,,,,
25776221,Rebel of the Sands,Alwyn Hamilton,"Hamilton, Alwyn",,0451477537,9780451477538,,3.94,,,316,2016,2016,,11/10/2016,,,read,,,,1,,,,,,,,
25203675,The Star-Touched Queen,Roshani Chokshi,"Chokshi, Roshani",,1250085470,9781250085474,,3.56,,,342,2016,2016,,11/10/2016,,,read,,,,1,,,,,,,,
23278537,The Little Paris Bookshop,Nina George,"George, Nina",,0553418777,9780553418774,,3.51,,,392,2015,2013,,11/13/2016,,,read,,,,1,,,,,,,,
23129712,The Red Notebook,Antoine Laurain,"Laurain, Antoine",,1908313862,9781908313867,,3.87,,,159,2015,2014,,11/13/2016,,,read,,,,1,,,,,,,,
13595638,Shelter,Harlan Coben,"Coben, Harlan",,0142422037,9780142422038,,3.94,,,288,2011,2011,,11/20/2016,,,read,,,,1,,,,,,,,
28954137,Tales from the Shadowhunter Academy,Cassandra Clare,"Clare, Cassandra",,1481443259,9781481443258,,4.35,,,655,2016,2016,,11/20/2016,,,read,,,,1,,,,,,,,
7247854,"The Disappearing Spoon: And Other True Tales of Madness, Love, and the History of the World from the Periodic Table of the Elements",Sam Kean,"Kean, Sam",,0316051640,9780316051644,,3.91,,,394,2010,2010,,12/22/2016,,,read,,,,1,,,,,,,,
28818217,Maresi,Maria Turtschaninoff,"Turtschaninoff, Maria",,1419722697,9781419722691,,3.80,,,246,2017,2014,,2/01/2017,,,read,,,,1,,,,,,,,
27883214,Caraval,Stephanie Garber,"Garber, Stephanie",,1250095255,9781250095251,,3.99,,,407,2017,2017,,2/02/2017,,,read,,,,1,,,,,,,,
6294,Howl’s Moving Castle,Diana Wynne Jones,"Jones, Diana Wynne",,006441034X,9780064410342,,4.27,,,329,2001,1986,8/12/2020,2/02/2017,,,read,,,,2,,,,,,,,
24721702,Denton Little's Deathdate,Lance Rubin,"Rubin, Lance",,,,,3.83,,,368,2015,2015,2/04/2019,2/25/2017,,,read,,,,1,,,,,,,,
64207,Sorcery & Cecelia: or The Enchanted Chocolate Pot,Patricia C. Wrede,"Wrede, Patricia C.",,015205300X,9780152053000,,4.02,,,326,2004,1988,1/06/2018,3/16/2017,,,read,,,,1,,,,,,,,
30320053,Long May She Reign,Rhiannon Thomas,"Thomas, Rhiannon",,0062418688,9780062418685,,3.62,,,422,2017,2017,,4/04/2017,,,read,,,,1,,,,,,,,
316967,Bodega Dreams,Ernesto Quiñonez,"Quiñonez, Ernesto",,0375705899,9780375705892,,3.92,,,213,2000,2000,,5/11/2017,,,read,,,,1,,,,,,,,
30724132,Geekerella,Ashley Poston,"Poston, Ashley",,1594749477,9781594749476,,3.94,,,320,2017,2017,2/22/2018,5/15/2017,,,read,,,,1,,,,,,,,
29102792,Vincent and Theo: The Van Gogh Brothers,Deborah Heiligman,"Heiligman, Deborah",,0805093397,9780805093391,,3.91,,,454,2017,2017,,6/05/2017,,,read,,,,1,,,,,,,,
28954189,Scythe,Neal Shusterman,"Shusterman, Neal",,,,,4.33,,,435,2016,2016,12/17/2018,7/28/2017,,,read,,,,3,,,,,,,,
6933876,Changeless,Gail Carriger,"Carriger, Gail",,0316074144,9780316074148,,3.98,,,389,2010,2010,,8/29/2017,,,read,,,,1,,,,,,,,
7719355,Blameless,Gail Carriger,"Carriger, Gail",,0316074152,9780316074155,,3.99,,,355,2010,2010,,8/29/2017,,,read,,,,1,,,,,,,,
8356487,Heartless,Gail Carriger,"Carriger, Gail",,0316127191,9780316127196,,4.05,,,400,2011,2011,,8/29/2017,,,read,,,,1,,,,,,,,
11324166,Timeless,Gail Carriger,"Carriger, Gail",,,,,4.11,,,407,2012,2012,,8/29/2017,,,read,,,,1,,,,,,,,
32497573,Everyone's a Aliebn When Ur a Aliebn Too,Jomny Sun,"Sun, Jomny",,,,,4.08,,,256,2017,2017,9/25/2019,9/21/2017,,,read,,,,1,,,,,,,,
18283207,Strange Weather in Tokyo,Hiromi Kawakami,"Kawakami, Hiromi",,1846275083,9781846275081,,3.76,,,176,2013,2001,,10/02/2017,,,read,,,,1,,,,,,,,
23437156,Six of Crows,Leigh Bardugo,"Bardugo, Leigh",,1627792120,9781627792127,,4.49,,,465,2015,2015,,10/05/2017,,,read,,,,1,,,,,,,,
2195464,What I Talk About When I Talk About Running,Haruki Murakami,"Murakami, Haruki",,0307269191,9780307269195,,3.86,,,188,2008,2007,,12/03/2017,,,read,,,,1,,,,,,,,
33590624,"A World Without ""Whom"": The Essential Guide to Language in the BuzzFeed Age",Emmy J. Favilla,"Favilla, Emmy J.",,1632867575,9781632867575,,3.72,,,311,2017,2017,6/09/2018,12/04/2017,,,read,,,,2,,,,,,,,
30781490,Word by Word: The Secret Life of Dictionaries,Kory Stamper,"Stamper, Kory",,110187094X,9781101870945,,4.19,,,296,2017,2017,2/14/2018,12/09/2017,,,read,,,,1,,,,,,,,
37368176,Strange Weather in Tokyo,Hiromi Kawakami,"Kawakami, Hiromi",,1640090169,9781640090163,,3.76,,,179,2017,2001,,12/12/2017,,,read,,,,1,,,,,,,,
23113602,"Murder, Magic, and What We Wore",Kelly Jones,"Jones, Kelly",,055353520X,9780553535204,,3.52,,,304,2017,2017,8/07/2018,12/12/2017,,,read,,,,1,,,,,,,,
11275,The Wind-Up Bird Chronicle,Haruki Murakami,"Murakami, Haruki",,0965341984,9780965341981,,4.16,,,607,1997,1994,1/03/2018,1/03/2018,,,read,,,,1,,,,,,,,
28458598,When Dimple Met Rishi,Sandhya Menon,"Menon, Sandhya",,1481478680,9781481478687,,3.69,,,380,2017,2017,1/17/2018,1/04/2018,,,read,,,,1,,,,,,,,
33503607,Meet Cute: Some People Are Destined to Meet,Jennifer L. Armentrout,"Armentrout, Jennifer L.",,1328759873,9781328759870,,3.59,,,314,2018,2018,2/18/2018,1/04/2018,,,read,,,,2,,,,,,,,
15790842,Life After Life,Kate Atkinson,"Atkinson, Kate",,0316176486,9780316176484,,3.77,,,531,2013,2013,6/23/2018,1/04/2018,,,read,,,,1,,,,,,,,
33916024,Sourdough,Robin Sloan,"Sloan, Robin",,0374203105,9780374203108,,3.76,,,259,2017,2017,6/12/2018,1/04/2018,,,read,,,,2,,,,,,,,
13538873,Mr. Penumbra's 24-Hour Bookstore,Robin Sloan,"Sloan, Robin",,0374214913,9780374214913,,3.73,,,288,2012,2012,3/17/2018,1/04/2018,,,read,,,,2,,,,,,,,
21787,The Princess Bride,William Goldman,"Goldman, William",,0345418263,9780345418265,,4.26,,,456,2003,1973,,1/06/2018,,,read,,,,1,,,,,,,,
169878,The Grand Tour,Patricia C. Wrede,"Wrede, Patricia C.",,0152055568,9780152055561,,3.67,,,469,2006,2004,1/08/2018,1/08/2018,,,read,,,,1,,,,,,,,
169872,"The Mislaid Magician; or, Ten Years After",Patricia C. Wrede,"Wrede, Patricia C.",,0152055487,9780152055486,,3.72,,,328,2006,2006,1/11/2018,1/11/2018,,,read,,,,1,,,,,,,,
25844635,Prince in Disguise,Stephanie Kate Strohm,"Strohm, Stephanie Kate",,1484768175,9781484768174,,3.76,,,320,2017,2017,1/15/2018,1/15/2018,,,read,,,,2,,,,,,,,
6101718,The Magicians,Lev Grossman,"Grossman, Lev",,0670020559,9780670020553,,3.52,,,402,2009,2009,2/18/2018,1/18/2018,,,read,,,,1,,,,,,,,
34569846,As You Wish,Chelsea Sedoti,"Sedoti, Chelsea",,1492642312,9781492642312,,3.56,,,417,2018,2018,1/19/2018,1/19/2018,,,read,,,,1,,,,,,,,
28372019,The Bookshop on the Corner,Jenny Colgan,"Colgan, Jenny",,0062467263,9780062467263,,3.84,,,384,2016,2016,1/21/2018,1/21/2018,,,read,,,,1,,,,,,,,
31931941,Eliza and Her Monsters,Francesca Zappia,"Zappia, Francesca",,0062290134,9780062290137,,4.17,,,385,2017,2017,1/10/2019,1/26/2018,,,read,,,,1,,,,,,,,
25526296,Every Heart a Doorway,Seanan McGuire,"McGuire, Seanan",,0765385503,9780765385505,,3.82,,,175,2016,2016,8/02/2020,1/26/2018,,,read,,,,1,,,,,,,,
13316328,The Last Dragonslayer,Jasper Fforde,"Fforde, Jasper",,0547738471,9780547738475,,3.86,,,296,2012,2010,1/26/2018,1/26/2018,,,read,,,,1,,,,,,,,
8909152,Attachments,Rainbow Rowell,"Rowell, Rainbow",,,,,3.88,,,323,2011,2011,1/30/2018,1/30/2018,,,read,,,,1,,,,,,,,
26156203,The Crown's Game,Evelyn Skye,"Skye, Evelyn",,0062422588,9780062422583,,3.83,,,407,2016,2016,2/04/2018,2/04/2018,,,read,,,,2,,,,,,,,
34043787,The Life-Changing Manga of Tidying Up: A Magical Story,Marie Kondo,"Kondo, Marie",,,,,4.08,,,192,2017,2017,,2/04/2018,,,read,,,,1,,,,,,,,
36952615,On a Sunbeam,Tillie Walden,"Walden, Tillie",,1250178134,9781250178138,,4.30,,,533,2018,2018,2/13/2018,2/13/2018,,,read,,,,2,,,,,,,,
34506912,The Prince and the Dressmaker,Jen Wang,"Wang, Jen",,162672363X,9781626723634,,4.38,,,283,2018,2018,12/19/2018,2/17/2018,,,read,,,,1,,,,,,,,
50146,Goodbye Tsugumi,Banana Yoshimoto,"Yoshimoto, Banana",,0571212794,9780571212798,,3.73,,,186,2002,1989,3/02/2018,3/02/2018,,,read,,,,1,,,,,,,,
19063,The Book Thief,Markus Zusak,"Zusak, Markus",,,,,4.38,,,552,2006,2005,5/27/2018,5/27/2018,,,read,,,,1,,,,,,,,
12000020,Aristotle and Dante Discover the Secrets of the Universe,Benjamin Alire Sáenz,"Sáenz, Benjamin Alire",,1442408928,9781442408920,,4.35,,,359,2012,2012,6/02/2018,6/02/2018,,,read,,,,1,,,,,,,,
28003097,Georgia Peaches and Other Forbidden Fruit,Jaye Robin Brown,"Brown, Jaye Robin",,,,,3.78,,,432,2016,2016,6/03/2018,6/02/2018,,,read,,,,1,,,,,,,,
9969571,Ready Player One,Ernest Cline,"Cline, Ernest",,030788743X,9780307887436,,4.24,,,374,2011,2011,6/29/2018,6/29/2018,,,read,,,,1,,,,,,,,
4929,Kafka on the Shore,Haruki Murakami,"Murakami, Haruki",,1400079276,9781400079278,,4.14,,,467,2006,2002,7/10/2018,7/10/2018,,,read,,,,1,,,,,,,,
5043,The Pillars of the Earth,Ken Follett,"Follett, Ken",,,,,4.32,,,976,2002,1989,7/23/2018,7/23/2018,,,read,,,,1,,,,,,,,
4671,The Great Gatsby,F. Scott Fitzgerald,"Fitzgerald, F. Scott",,,,,3.93,,,200,2004,1925,6/13/2018,7/24/2018,,,read,,,,1,,,,,,,,
39933,How to Read Literature Like a Professor,Thomas C. Foster,"Foster, Thomas C.",,006000942X,9780060009427,,3.64,,,314,2014,2003,7/02/2018,7/24/2018,,,read,,,,1,,,,,,,,
31933102,Gather the Daughters,Jennie Melamed,"Melamed, Jennie",,0316501409,9780316501408,,3.61,,,341,2017,2017,7/28/2018,7/28/2018,,,read,,,,1,,,,,,,,
36203673,This Is Kind of an Epic Love Story,Kacen Callender,"Callender, Kacen",,0062820249,9780062820242,,3.42,,,304,2018,2018,12/25/2018,8/03/2018,,,read,,,,1,,,,,,,,
36426163,Toil & Trouble: 15 Tales of Women & Witchcraft,Jessica Spotswood,"Spotswood, Jessica",,1335016279,9781335016270,,3.67,,,405,2018,2018,12/24/2018,8/03/2018,,,read,,,,1,,,,,,,,
36064768,Fence #1,C.S. Pacat,"Pacat, C.S.",,,,,3.98,,,27,2017,2017,8/03/2018,8/03/2018,,,read,,,,1,,,,,,,,
36501268,Fence #2,C.S. Pacat,"Pacat, C.S.",,,,,4.09,,,47,2017,2017,8/03/2018,8/03/2018,,,read,,,,1,,,,,,,,
37554812,Fence #3,C.S. Pacat,"Pacat, C.S.",,,,,4.10,,,27,2018,2018,,8/03/2018,,,read,,,,1,,,,,,,,
38090191,Fence #4,C.S. Pacat,"Pacat, C.S.",,,,,4.01,,,29,2018,2018,8/03/2018,8/03/2018,,,read,,,,1,,,,,,,,
25528808,That Inevitable Victorian Thing,E.K. Johnston,"Johnston, E.K.",,1101994975,9781101994979,,3.22,,,330,2017,2017,8/04/2018,8/04/2018,,,read,,,,1,,,,,,,,
36354109,We Are Ok,Nina LaCour,"LaCour, Nina",,,,,3.95,,,,nown,2017,8/10/2018,8/10/2018,,,read,,,,1,,,,,,,,
20926077,The Terrible and Wonderful Reasons Why I Run Long Distances,Matthew Inman,"Inman, Matthew",,1449459951,9781449459956,,4.16,,,148,2014,2014,8/10/2018,8/10/2018,,,read,,,,1,,,,,,,,
35953464,Broad Band: The Untold Story of the Women Who Made the Internet,Claire L Evans,"Evans, Claire L",,0735211752,9780735211759,,3.96,,,288,2018,2018,6/04/2020,8/10/2018,,,read,,,,1,,,,,,,,
35959740,Circe,Madeline Miller,"Miller, Madeline",,0316556343,9780316556347,,4.26,,,393,2018,2018,12/28/2019,8/10/2018,,,read,,,,1,,,,,,,,
16200,Ella Minnow Pea: A Novel in Letters,Mark Dunn,"Dunn, Mark",,0385722435,9780385722438,,3.89,,,208,2002,2001,8/14/2018,8/10/2018,,,read,,,,1,,,,,,,,
5107,The Catcher in the Rye,J.D. Salinger,"Salinger, J.D.",,0316769177,9780316769174,,3.81,,,277,2001,1951,,8/13/2018,,,read,,,,1,,,,,,,,
25883848,The Hating Game,Sally Thorne,"Thorne, Sally",,,,,4.07,,,387,2016,2016,1/05/2019,8/14/2018,,,read,,,,1,,,,,,,,
29044,The Secret History,Donna Tartt,"Tartt, Donna",,1400031702,9781400031702,,4.13,,,559,2004,1992,8/24/2018,8/24/2018,,,read,,,,2,,,,,,,,
5297,The Picture of Dorian Gray,Oscar Wilde,"Wilde, Oscar",,,,,4.10,,,272,2004,1890,10/04/2018,10/04/2018,,,read,,,,1,,,,,,,,
39507318,The Library Book,Susan Orlean,"Orlean, Susan",,1476740186,9781476740188,,3.89,,,317,2018,2018,4/28/2020,10/09/2018,,,read,,,,1,,,,,,,,
16085481,Crazy Rich Asians,Kevin Kwan,"Kwan, Kevin",,0385536976,9780385536974,,3.88,,,403,2013,2013,10/28/2018,10/27/2018,,,read,,,,1,,,,,,,,
31848296,"My Life with Bob: Flawed Heroine Keeps Book of Books, Plot Ensues",Pamela Paul,"Paul, Pamela",,1627796312,9781627796316,,3.69,,,242,2017,2017,11/06/2018,11/06/2018,,,read,,,,1,,,,,,,,
6334,Never Let Me Go,Kazuo Ishiguro,"Ishiguro, Kazuo",,,,,3.84,,,288,2010,2005,11/08/2018,11/08/2018,,,read,,,,1,,,,,,,,
35167703,Eternal Life,Dara Horn,"Horn, Dara",,0393608530,9780393608533,,3.77,,,256,2018,2018,12/30/2018,11/20/2018,,,read,,,,1,,,,,,,,
35031085,Frankenstein: The 1818 Text,Mary Shelley,"Shelley, Mary",,,,,3.83,,,260,2018,1818,12/02/2018,12/02/2018,,,read,,,,1,,,,,,,,
33555224,Thunderhead,Neal Shusterman,"Shusterman, Neal",,1442472456,9781442472457,,4.43,,,504,2018,2018,12/21/2018,12/20/2018,,,read,,,,2,,,,,,,,
38536129,"Love Scene, Take Two",Alex Evansley,Alex Evansley,,,,,3.92,,,368,2018,2015,,12/24/2018,,,read,,,,1,,,,,,,,
33163388,Spinning,Tillie Walden,"Walden, Tillie",,1626727724,9781626727724,,3.86,,,400,2017,2017,12/28/2018,12/28/2018,,,read,,,,1,,,,,,,,
42730332,The Starless Sea,Erin Morgenstern,"Morgenstern, Erin",,1910701459,9781910701454,,3.85,,,498,2019,2019,11/28/2019,1/05/2019,,,read,,,,1,,,,,,,,
17235026,The Girl with All the Gifts,M.R. Carey,"Carey, M.R.",,0356500152,9780356500157,,3.94,,,461,2014,2014,1/08/2019,1/08/2019,,,read,,,,1,,,,,,,,
35698625,36 Questions That Changed My Mind About You,Vicki Grant,"Grant, Vicki",,147140708X,9781471407086,,3.54,,,288,2017,2017,1/09/2019,1/09/2019,,,read,,,,1,,,,,,,,
485894,The Metamorphosis,Franz Kafka,"Kafka, Franz",,,,,3.84,,,201,1972,1915,1/11/2019,1/11/2019,,,read,,,,1,,,,,,,,
41150487,"Red, White & Royal Blue",Casey McQuiston,"McQuiston, Casey",,,,,4.21,,,421,2019,2019,11/24/2019,1/17/2019,,,read,,,,3,,,,,,,,
36300625,99 Percent Mine,Sally Thorne,"Thorne, Sally",,0062439626,9780062439628,,3.40,,,368,2019,2019,2/11/2019,1/17/2019,,,read,,,,1,,,,,,,,
18692431,"Everything, Everything",Nicola Yoon,"Yoon, Nicola",,0553496646,9780553496642,,4.02,,,306,2015,2015,1/27/2019,1/27/2019,,,read,,,,1,,,,,,,,
29960656,Chaotic Good,Whitney Gardner,"Gardner, Whitney",,1524720801,9781524720803,,3.85,,,256,2018,2018,1/30/2019,1/29/2019,,,read,,,,1,,,,,,,,
35707056,Undead Girl Gang,Lily Anderson,"Anderson, Lily",,0451478231,9780451478238,,3.75,,,305,2018,2018,1/30/2019,1/30/2019,,,read,,,,1,,,,,,,,
36321744,Little White Lies,Jennifer Lynn Barnes,"Barnes, Jennifer Lynn",,1368014135,9781368014137,,3.87,,,390,2018,2018,2/12/2019,1/30/2019,,,read,,,,1,,,,,,,,
24233708,An Absolutely Remarkable Thing,Hank Green,"Green, Hank",,,,,4.03,,,343,2018,2018,2/02/2019,2/02/2019,,,read,,,,1,,,,,,,,
33815781,The Wedding Date,Jasmine Guillory,"Guillory, Jasmine",,,,,3.60,,,317,2018,2018,2/06/2019,2/06/2019,,,read,,,,1,,,,,,,,
34521785,#Murdertrending,Gretchen McNeil,"McNeil, Gretchen",,1368010024,9781368010023,,3.77,,,352,2018,2018,2/06/2019,2/06/2019,,,read,,,,1,,,,,,,,
37830514,Running With Lions,Julian Winters,"Winters, Julian",,1945053623,9781945053627,,3.72,,,299,2018,2018,3/21/2019,2/14/2019,,,read,,,,1,,,,,,,,
100915,"The Lion, the Witch and the Wardrobe",C.S. Lewis,"Lewis, C.S.",,,,,4.23,,,206,2005,1950,2/16/2019,2/16/2019,,,read,,,,1,,,,,,,,
36477572,The Bookshop of Yesterdays,Amy Meyerson,"Meyerson, Amy",,,,,3.65,,,368,2018,2018,3/19/2019,2/27/2019,,,read,,,,1,,,,,,,,
6149,Beloved,Toni Morrison,"Morrison, Toni",,1400033411,9781400033416,,3.91,,,324,2004,1987,2/28/2019,2/28/2019,,,read,,,,1,,,,,,,,
43601774,Field Notes on Love,Jennifer E. Smith,"Smith, Jennifer E.",,0399559418,9780399559419,,3.85,,,271,2019,2019,5/05/2019,3/04/2019,,,read,,,,1,,,,,,,,
30165203,American Gods,Neil Gaiman,"Gaiman, Neil",,,,,4.11,,,635,2011,2001,3/17/2019,3/16/2019,,,read,,,,1,,,,,,,,
18304322,Dumplin',Julie Murphy,"Murphy, Julie",,0062327186,9780062327185,,3.90,,,371,2015,2015,4/02/2019,4/01/2019,,,read,,,,1,,,,,,,,
35684941,Here There Be Gerblins,Clint McElroy,"McElroy, Clint",,1250153700,9781250153708,,4.33,,,256,2018,2018,4/04/2019,4/04/2019,,,read,,,,1,,,,,,,,
1420,Hamlet,William Shakespeare,"Shakespeare, William",,0521618746,9780521618748,,4.03,,,289,2005,1601,4/12/2019,4/12/2019,,,read,,,,1,,,,,,,,
157993,The Little Prince,Antoine de Saint-Exupéry,"Saint-Exupéry, Antoine de",,,,,4.31,,,96,2000,1943,5/02/2019,5/02/2019,,,read,,,,1,,,,,,,,
36105772,Neanderthal Opens the Door to the Universe,Preston Norton,"Norton, Preston",,1484790626,9781484790625,,4.26,,,410,2018,2018,5/11/2019,5/10/2019,,,read,,,,2,,,,,,,,
25372801,All the Birds in the Sky,Charlie Jane Anders,"Anders, Charlie Jane",,0765379945,9780765379948,,3.59,,,313,2016,2016,3/14/2020,5/15/2019,,,read,,,,1,,,,,,,,
34409176,The Dreamers,Karen Thompson Walker,"Walker, Karen Thompson",,0812994167,9780812994162,,3.65,,,303,2019,2019,6/19/2019,5/15/2019,,,read,,,,1,,,,,,,,
33911267,Going Into Town: A Love Letter to New York,Roz Chast,"Chast, Roz",,1620403218,9781620403211,,3.96,,,169,2017,2017,5/23/2019,5/23/2019,,,read,,,,1,,,,,,,,
25777180,The High Line,James Corner Field Operations,"Operations, James Corner Field",,0714871001,9780714871004,,4.41,,,458,2015,2015,5/26/2019,5/26/2019,,,read,,,,1,,,,,,,,
1202,Freakonomics: A Rogue Economist Explores the Hidden Side of Everything,Steven D. Levitt,"Levitt, Steven D.",,0061234001,9780061234002,,3.99,,,268,2006,2005,5/30/2019,5/30/2019,,,read,,,,1,,,,,,,,
1238684,The Stonekeeper,Kazu Kibuishi,"Kibuishi, Kazu",,0439846803,9780439846806,,4.17,,,192,2015,2008,6/06/2019,6/06/2019,,,read,,,,1,,,,,,,,
30295312,The Red Scrolls of Magic,Cassandra Clare,"Clare, Cassandra",,1471162141,9781471162145,,4.15,,,368,2019,2019,6/07/2019,6/07/2019,,,read,,,,1,,,,,,,,
31944679,In Other Lands,Sarah Rees Brennan,"Brennan, Sarah Rees",,1618731203,9781618731203,,4.36,,,437,2017,2017,6/18/2019,6/11/2019,,,read,,,,3,,,,,,,,
16045004,"Spell It Out: The Curious, Enthralling and Extraordinary Story of English Spelling",David Crystal,"Crystal, David",,1250003474,9781250003478,,3.94,,,328,2013,2012,6/15/2019,6/14/2019,,,read,,,,1,,,,,,,,
34122206,The Secret Lives of Color,Kassia St. Clair,"St. Clair, Kassia",,0143131141,9780143131144,,4.16,,,320,2017,2016,,6/15/2019,,,read,,,,1,,,,,,,,
39073387,Bloom,Kevin Panetta,"Panetta, Kevin",,1626726418,9781626726413,,4.02,,,368,2019,2019,6/18/2019,6/18/2019,,,read,,,,1,,,,,,,,
27158835,You Know Me Well,Nina LaCour,"LaCour, Nina",,1250098645,9781250098641,,3.73,,,256,2016,2016,6/19/2019,6/18/2019,,,read,,,,1,,,,,,,,
40645629,Rayne & Delilah's Midnite Matinee,Jeff Zentner,"Zentner, Jeff",,1524720208,9781524720209,,3.98,,,400,2019,2019,6/22/2019,6/22/2019,,,read,,,,1,,,,,,,,
1885,Pride and Prejudice,Jane Austen,"Austen, Jane",,,,,4.28,,,279,2000,1813,7/15/2019,7/14/2019,,,read,,,,2,,,,,,,,
38447,The Handmaid's Tale,Margaret Atwood,"Atwood, Margaret",,,,,4.12,,,314,1998,1985,7/23/2019,7/23/2019,,,read,,,,2,,,,,,,,
42975172,The Testaments,Margaret Atwood,"Atwood, Margaret",,,,,4.20,,,422,2019,2019,9/10/2019,7/23/2019,,,read,,,,1,,,,,,,,
40864798,I Wanna Be Where You Are,Kristina Forest,"Forest, Kristina",,1250294886,9781250294883,,3.80,,,272,2019,2019,9/05/2019,8/31/2019,,,read,,,,1,,,,,,,,
29634931,"Mostly Void, Partially Stars",Joseph Fink,"Fink, Joseph",,0062468669,9780062468666,,4.46,,,304,2016,2016,9/03/2019,9/03/2019,,,read,,,,1,,,,,,,,
34736638,The Rules and Regulations for Mediating Myths & Magic,F.T. Lukens,"Lukens, F.T.",,1945053240,9781945053245,,4.15,,,290,2017,2017,9/04/2019,9/04/2019,,,read,,,,2,,,,,,,,
51034376,Monster of the Week,F.T. Lukens,"Lukens, F.T.",,,,,4.19,,,316,2019,2019,1/05/2022,9/04/2019,,,read,,,,1,,,,,,,,
36511766,"It's a Whole Spiel: Love, Latkes, and Other Jewish Stories",Katherine Locke,"Locke, Katherine",,0525646167,9780525646167,,3.86,,,336,2019,2019,11/11/2020,9/07/2019,,,read,,,,1,,,,,,,,
38819868,"My Sister, the Serial Killer",Oyinkan Braithwaite,"Braithwaite, Oyinkan",,0385544235,9780385544238,,3.71,,,226,2018,2018,9/23/2019,9/22/2019,,,read,,,,1,,,,,,,,
42201431,The Unhoneymooners,Christina Lauren,"Lauren, Christina",,,,,4.01,,,400,2019,2019,9/25/2019,9/24/2019,,,read,,,,1,,,,,,,,
35965482,Middlegame,Seanan McGuire,"McGuire, Seanan",,,,,4.03,,,492,2019,2019,12/30/2019,10/15/2019,,,read,,,,2,,,,,,,,
16299,And Then There Were None,Agatha Christie,"Christie, Agatha",,0312330871,9780312330873,,4.27,,,264,2004,1939,10/24/2019,10/23/2019,,,read,,,,2,,,,,,,,
44017627,Wayward Son,Rainbow Rowell,"Rowell, Rainbow",,1250146070,9781250146076,,3.97,,,356,2019,2019,10/29/2019,10/28/2019,,,read,,,,2,,,,,,,,
52190991,Any Way the Wind Blows,Rainbow Rowell,"Rowell, Rainbow",,1250254337,9781250254337,,4.19,,,579,2021,2021,8/25/2021,10/28/2019,,,read,,,,1,,,,,,,,
43884200,Nothing to See Here,Kevin Wilson,"Wilson, Kevin",,0062913468,9780062913463,,3.95,,,254,2019,2019,5/25/2020,11/01/2019,,,read,,,,2,,,,,,,,
40961427,1984,George Orwell,"Orwell, George",,,,,4.19,,,298,2013,1949,,11/17/2019,,,read,,,,1,,,,,,,,
41160292,Exhalation,Ted Chiang,"Chiang, Ted",,,,,4.27,,,352,2019,2019,8/05/2020,11/22/2019,,,read,,,,1,,,,,,,,
43352954,This Is How You Lose the Time War,Amal El-Mohtar,"El-Mohtar, Amal",,,,,3.96,,,209,2019,2019,12/25/2019,11/23/2019,,,read,,,,1,,,,,,,,
41150287,The Flatshare,Beth O'Leary,"O'Leary, Beth",,,,,4.07,,,328,2019,2019,12/23/2019,11/23/2019,,,read,,,,1,,,,,,,,
1934,Little Women,Louisa May Alcott,"Alcott, Louisa May",,0451529308,9780451529305,,4.12,,,449,2004,1869,12/22/2019,12/22/2019,,,read,,,,1,,,,,,,,
28433627,The One Hundred Nights of Hero,Isabel Greenberg,"Greenberg, Isabel",,0316259160,9780316269629,,4.43,,,224,2016,2016,1/06/2020,1/07/2020,,,read,,,,1,,,,,,,,
36739320,Because Internet: Understanding the New Rules of Language,Gretchen McCulloch,"McCulloch, Gretchen",,0735210934,9780735210936,,4.06,,,327,2019,2019,3/10/2020,3/10/2020,,,read,,,,1,,,,,,,,
355917,Flyte,Angie Sage,"Sage, Angie",,0060577363,9780060577360,,4.01,,,521,2007,2006,4/09/2020,4/08/2020,,,read,,,,1,,,,,,,,
52750517,Vampires Never Get Old: Tales with Fresh Bite,Zoraida Córdova,"Córdova, Zoraida",,1250230012,9781250230010,,3.58,,,320,2020,2020,1/22/2021,5/14/2020,,,read,,,,1,,,,,,,,
29358558,When in French: Love in a Second Language,Lauren Collins,"Collins, Lauren",,1594206449,9781594206443,,3.52,,,256,2016,2016,5/27/2020,5/27/2020,,,read,,,,1,,,,,,,,
42505366,Wilder Girls,Rory Power,"Power, Rory",,0525645586,9780525645580,,3.50,,,357,2019,2019,8/08/2020,8/08/2020,,,read,,,,1,,,,,,,,
26135825,Fun Home: A Family Tragicomic,Alison Bechdel,"Bechdel, Alison",,0618871713,9780618871711,,4.07,,,232,2007,2006,8/13/2020,8/12/2020,,,read,,,,1,,,,,,,,
12936,Gathering Blue,Lois Lowry,"Lowry, Lois",,0385732562,9780385732567,,3.82,,,240,2000,2000,9/08/2020,9/08/2020,,,read,,,,1,,,,,,,,
12930,Messenger,Lois Lowry,"Lowry, Lois",,0385732538,9780385732536,,3.91,,,169,2006,2004,9/09/2020,9/09/2020,,,read,,,,1,,,,,,,,
13324841,Son,Lois Lowry,"Lowry, Lois",,0547887205,9780547887203,,3.98,,,393,2012,2012,9/15/2020,9/15/2020,,,read,,,,1,,,,,,,,
48814109,The Lions of Fifth Avenue,Fiona Davis,"Davis, Fiona",,1524744611,9781524744618,,3.90,,,354,2020,2020,9/27/2020,9/27/2020,,,read,,,,1,,,,,,,,
30319086,If We Were Villains,M.L. Rio,"Rio, M.L.",,125009528X,9781250095282,,4.20,,,368,2017,2017,12/02/2021,10/10/2020,,,read,,,,1,,,,,,,,
41118351,Orpheus Girl,Brynne Rebele-Henry,"Rebele-Henry, Brynne",,,,,3.63,,,176,2019,2019,10/13/2020,10/13/2020,,,read,,,,1,,,,,,,,
40766383,The Handmaid's Tale: The Graphic Novel,Renee Nault,"Nault, Renee",,038553924X,9780385539241,,4.23,,,240,2019,2019,10/28/2020,10/27/2020,,,read,,,,1,,,,,,,,
50202953,Piranesi,Susanna Clarke,"Clarke, Susanna",,163557563X,9781635575637,,4.28,,,245,2020,2020,10/31/2020,10/31/2020,,,read,,,,1,,,,,,,,
52915426,Something to Talk About,Meryl Wilsner,"Wilsner, Meryl",,0593102525,9780593102527,,3.67,,,336,2020,2020,11/05/2020,11/05/2020,,,read,,,,1,,,,,,,,
44421460,Before the Coffee Gets Cold,Toshikazu Kawaguchi,"Kawaguchi, Toshikazu",,1529029589,9781529029581,,3.74,,,213,2019,2015,4/28/2021,12/14/2020,,,read,,,,1,,,,,,,,
32758901,All Systems Red,Martha Wells,"Wells, Martha",,,,,4.16,,,144,2017,2017,12/14/2020,12/14/2020,,,read,,,,1,,,,,,,,
29751398,The Power,Naomi Alderman,"Alderman, Naomi",,0670919985,9780670919987,,3.79,,,341,2017,2016,12/15/2020,12/15/2020,,,read,,,,1,,,,,,,,
35133922,Educated,Tara Westover,"Westover, Tara",,,,,4.46,,,334,2018,2018,12/16/2020,12/16/2020,,,read,,,,1,,,,,,,,
42074525,The City We Became,N.K. Jemisin,"Jemisin, N.K.",,,,,3.93,,,437,2020,2020,12/25/2020,12/25/2020,,,read,,,,1,,,,,,,,
20893477,How We Got to Now: Six Innovations That Made the Modern World,Steven Johnson,"Johnson, Steven",,1594632960,9781594632969,,4.10,,,293,2014,2014,,1/01/2021,,,read,,,,1,,,,,,,,
35488858,"The Year of Less: How I Stopped Shopping, Gave Away My Belongings, and Discovered Life Is Worth More Than Anything You Can Buy in a Store",Cait Flanders,"Flanders, Cait",,1401954871,9781401954871,,3.48,,,189,2018,2018,1/07/2021,1/07/2021,,,read,,,,1,,,,,,,,
35290631,How to Understand Your Gender: A Practical Guide for Exploring Who You Are,Alex Iantaffi,"Iantaffi, Alex",,1785927469,9781785927461,,4.22,,,284,2017,2017,1/08/2021,1/08/2021,,,read,,,,1,,,,,,,,
52867387,Beach Read,Emily Henry,"Henry, Emily",,1984806734,9781984806734,,4.06,,,361,2020,2020,1/14/2021,1/14/2021,,,read,,,,1,,,,,,,,
44767458,Dune,Frank Herbert,"Herbert, Frank",,059309932X,9780593099322,,4.25,,,658,2019,1965,1/14/2021,1/14/2021,,,read,,,,1,,,,,,,,
45869112,The Bear,Andrew Krivak,"Krivak, Andrew",,1942658702,9781942658702,,3.89,,,224,2020,2020,1/17/2021,1/17/2021,,,read,,,,1,,,,,,,,
92303,The Importance of Being Earnest,Oscar Wilde,"Wilde, Oscar",,158049580X,9781580495806,,4.18,,,76,2005,1895,1/26/2021,1/26/2021,,,read,,,,1,,,,,,,,
43263237,The Future of Another Timeline,Annalee Newitz,"Newitz, Annalee",,0765392100,9780765392107,,3.76,,,352,2019,2019,1/29/2021,1/29/2021,,,read,,,,1,,,,,,,,
13079982,Fahrenheit 451,Ray Bradbury,"Bradbury, Ray",,,,,3.98,,,194,2011,1953,2/13/2021,2/13/2021,,,read,,,,1,,,,,,,,
44792512,Love Lettering,Kate Clayborn,"Clayborn, Kate",,1496725174,9781496725172,,3.71,,,307,2019,2019,2/14/2021,2/14/2021,,,read,,,,1,,,,,,,,
31684565,When Katie Met Cassidy,Camille Perri,"Perri, Camille",,0735212813,9780735212817,,3.15,,,264,2018,2018,2/24/2021,2/23/2021,,,read,,,,1,,,,,,,,
14960304,Becoming Frum: How Newcomers Learn the Language and Culture of Orthodox Judaism,Sarah Bunin Benor,"Benor, Sarah Bunin",,0813553903,9780813553900,,3.96,,,288,2012,2012,3/07/2021,3/07/2021,,,read,,,,2,,,,,,,,
54120408,Klara and the Sun,Kazuo Ishiguro,"Ishiguro, Kazuo",,059331817X,9780593318171,,3.80,,,303,2021,2021,3/10/2021,3/10/2021,,,read,,,,1,,,,,,,,
41716694,Wordslut: A Feminist Guide to Taking Back the English Language,Amanda Montell,"Montell, Amanda",,006286887X,9780062868879,,4.39,,,304,2019,2019,3/16/2021,3/16/2021,,,read,,,,1,,,,,,,,
50892014,The Times I Knew I Was Gay,Eleanor Crewes,"Crewes, Eleanor",,1982147105,9781982147105,,3.93,,,320,2020,2020,3/18/2021,3/18/2021,,,read,,,,1,,,,,,,,
44157727,Great Goddesses: Life Lessons from Myths and Monsters,Nikita Gill,"Gill, Nikita",,1529104645,9781529104646,,4.18,,,256,2019,2019,3/23/2021,3/23/2021,,,read,,,,1,,,,,,,,
52578297,The Midnight Library,Matt Haig,"Haig, Matt",,,,,4.07,,,304,2020,2020,3/29/2021,3/29/2021,,,read,,,,1,,,,,,,,
285563,Native Tongue,Suzette Haden  Elgin,"Elgin, Suzette Haden ",,1876756055,9781876756055,,4.00,,,327,2000,1984,5/04/2021,4/02/2021,,,read,,,,1,,,,,,,,
77390,Anne of Avonlea,L.M. Montgomery,"Montgomery, L.M.",,0553213148,9780553213140,,4.20,,,304,1997,1909,4/12/2021,4/11/2021,,,read,,,,1,,,,,,,,
45047384,The House in the Cerulean Sea,T.J. Klune,"Klune, T.J.",,,,,4.47,,,394,2020,2020,11/27/2021,4/13/2021,,,read,,,,1,,,,,,,,
77392,Anne of the Island,L.M. Montgomery,"Montgomery, L.M.",,0553213172,9780553213171,,4.24,,,243,1983,1915,4/15/2021,4/14/2021,,,read,,,,1,,,,,,,,
51179990,Written in the Stars,Alexandria Bellefleur,"Bellefleur, Alexandria",,0063000806,9780063000803,,3.93,,,384,2020,2020,4/22/2021,4/22/2021,,,read,,,,1,,,,,,,,
45169737,The Fire Never Goes Out: A Memoir in Pictures,Noelle Stevenson,"Stevenson, Noelle",,0062278274,9780062278272,,4.05,,,198,2020,2020,5/10/2021,5/10/2021,,,read,,,,1,,,,,,,,
26721142,Slang: A Very Short Introduction,Jonathon Green,"Green, Jonathon",,0198729537,9780198729532,,3.24,,,144,2016,2016,5/12/2021,5/12/2021,,,read,,,,1,,,,,,,,
51323365,Solutions and Other Problems,Allie Brosh,"Brosh, Allie",,1982156945,9781982156947,,4.20,,,519,2020,2020,5/26/2021,5/26/2021,,,read,,,,1,,,,,,,,
45300567,The Maidens,Alex Michaelides,"Michaelides, Alex",,1250304458,9781250304452,,3.63,,,337,2021,2021,11/08/2021,6/04/2021,,,read,,,,1,,,,,,,,
52448445,The Ruthless Lady's Guide to Wizardry,C.M. Waggoner,"Waggoner, C.M.",,198480586X,9781984805867,,3.80,,,371,2021,2021,6/15/2021,6/15/2021,,,read,,,,1,,,,,,,,
28957268,Queer: A Graphic History,Meg-John Barker,"Barker, Meg-John",,1785780719,9781785780714,,3.98,,,368,2016,2016,6/21/2021,6/21/2021,,,read,,,,1,,,,,,,,
37004370,The Memory Police,Yōko Ogawa,"Ogawa, Yōko",,1101870605,9781101870600,,3.76,,,274,2019,1994,7/05/2021,7/05/2021,,,read,,,,1,,,,,,,,
33375622,Her Body and Other Parties: Stories,Carmen Maria Machado,"Machado, Carmen Maria",,155597788X,9781555977887,,3.90,,,248,2017,2017,7/15/2021,7/15/2021,,,read,,,,1,,,,,,,,
53103895,One to Watch,Kate Stayman-London,"Stayman-London, Kate",,0525510443,9780525510444,,3.93,,,417,2020,2020,7/16/2021,7/15/2021,,,read,,,,1,,,,,,,,
43798285,The Institute,Stephen King,"King, Stephen",,,,,4.20,,,561,2019,2019,7/19/2021,7/19/2021,,,read,,,,1,,,,,,,,
39692,Good Poems,Garrison Keillor,"Keillor, Garrison",,0142003441,9780142003442,,4.18,,,476,2003,2002,7/23/2021,7/23/2021,,,read,,,,1,,,,,,,,
52765013,Head Over Heels,Hannah Orenstein,"Orenstein, Hannah",,1982121475,9781982121471,,3.65,,,323,2020,2020,8/04/2021,8/04/2021,,,read,,,,1,,,,,,,,
54860443,One Last Stop,Casey McQuiston,"McQuiston, Casey",,1250244498,9781250244499,,4.08,,,418,2021,2021,8/07/2021,8/07/2021,,,read,,,,1,,,,,,,,
50706476,Dearly,Margaret Atwood,"Atwood, Margaret",,006303249X,9780063032491,,3.76,,,124,2020,2020,1/04/2022,8/07/2021,,,read,,,,1,,,,,,,,
11009372,Blessed is the Daughter,Meyer Waxman,"Waxman, Meyer",,0884000648,9780884000648,,0.00,,,0,1980,1961,8/21/2021,8/20/2021,,,read,,,,1,,,,,,,,
22733729,"The Long Way to a Small, Angry Planet",Becky Chambers,"Chambers, Becky",,1500453307,9781500453305,,4.16,,,518,2014,2014,9/27/2021,9/18/2021,,,read,,,,1,,,,,,,,
56783258,Cloud Cuckoo Land,Anthony Doerr,"Doerr, Anthony",,1982168439,9781982168438,,4.31,,,626,2021,2021,11/17/2021,11/17/2021,,,read,,,,1,,,,,,,,
54508798,The Guncle,Steven Rowley,"Rowley, Steven",,0525542280,9780525542285,,4.22,,,326,2021,2021,11/22/2021,11/22/2021,,,read,,,,1,,,,,,,,
55145261,The Anthropocene Reviewed,John Green,"Green, John",,0525555218,9780525555216,,4.44,,,293,2021,2021,12/03/2021,12/03/2021,,,read,,,,1,,,,,,,,
43176861,Space Struck,Paige Lewis,"Lewis, Paige",,1946448443,9781946448446,,4.08,,,72,2019,2019,12/05/2021,12/04/2021,,,read,,,,1,,,,,,,,
36223860,Artificial Condition,Martha Wells,"Wells, Martha",,1250186927,9781250186928,,4.27,,,158,2018,2018,12/11/2021,12/11/2021,,,read,,,,1,,,,,,,,
43822024,The Toll,Neal Shusterman,"Shusterman, Neal",,1481497065,9781481497060,,4.22,,,625,2019,2019,1/08/2022,1/08/2022,,,read,,,,1,,,,,,,,
6671,The Wonderful Story of Henry Sugar and Six More,Roald Dahl,"Dahl, Roald",,037581423X,9780375814235,,4.14,,,240,2001,1977,1/14/2022,1/14/2022,,,read,,,,1,,,,,,,,
56755560,The Cat Who Saved Books,Sōsuke Natsukawa,"Natsukawa, Sōsuke",,0063095726,9780063095724,,3.72,,,198,2021,2017,1/29/2022,1/28/2022,,,read,,,,1,,,,,,,,
55782297,Shoko's Smile: Stories,Choi Eunyoung,"Eunyoung, Choi",,0143135260,9780143135265,,4.12,,,272,2021,2016,2/06/2022,2/06/2022,,,read,,,,1,,,,,,,,
