,Book Id,Title,Author,Author l-f,Additional Authors,ISBN,ISBN13,My Rating,Average Rating,Publisher,Binding,Number of Pages,Year Published,Original Publication Year,Date Read,Date Added,Bookshelves,Bookshelves with positions,Exclusive Shelf,My Review,Spoiler,Private Notes,Read Count,Recommended For,Recommended By,Owned Copies,Original Purchase Date,Original Purchase Location,Condition,Condition Description,BCID
0,3,Harry Potter and the Sorcerer's Stone,J.K. Rowling,"Rowling, J.K.",,,,,4.48,,,309,2003,1997,"Apr 25, 2015","Aug 13, 2012",,,read,,,,1,,,,,,,,
1,9673436,The Invention of Hugo Cabret,Brian Selznick,"Selznick, Brian",,,9780439813765,,4.21,,,534,2007,2007,,"Aug 13, 2012",,,read,,,,1,,,,,,,,
2,1838166,The Penderwicks on Gardam Street,Jeanne Birdsall,"Birdsall, Jeanne",,0375840907,9780375840906,,4.29,,,308,2008,2008,,"Aug 13, 2012",,,read,,,,1,,,,,,,,
3,108980,Ivy and Bean,Annie Barrows,"Barrows, Annie",,0811849090,9780811849098,,3.95,,,120,2007,2006,,"Aug 13, 2012",,,read,,,,1,,,,,,,,
4,2998,The Secret Garden,Frances Hodgson  Burnett,"Burnett, Frances Hodgson ",,0517189607,9780517189603,,4.14,,,331,1998,1910,,"Aug 13, 2012",,,read,,,,1,,,,,,,,
5,39988,Matilda,Roald Dahl,"Dahl, Roald",,0141301066,9780141301068,,4.33,,,240,1998,1988,"Mar 02, 2015","Aug 13, 2012",,,read,,,,1,,,,,,,,
6,10431447,Wildwood,Colin Meloy,"Meloy, Colin",,006202468X,9780062024688,,3.67,,,541,2011,2011,,"Aug 13, 2012",,,read,,,,1,,,,,,,,
7,6609748,The Mysterious Howling,Maryrose Wood,"Wood, Maryrose",,0061791059,9780061791055,,3.91,,,272,2010,2009,,"Aug 13, 2012",,,read,,,,1,,,,,,,,
8,15779,Sideways Stories from Wayside School,Louis Sachar,"Sachar, Louis",,0747571775,9780747571773,,4.14,,,144,2004,1978,,"Aug 13, 2012",,,read,,,,1,,,,,,,,
9,7150174,The Strange Case of Origami Yoda,Tom Angleberger,"Angleberger, Tom",,0810984253,9780810984257,,3.90,,,141,2010,2010,,"Aug 13, 2012",,,read,,,,1,,,,,,,,
10,6609765,Out of My Mind,Sharon M. Draper,"Draper, Sharon M.",,141697170X,9781416971702,,4.37,,,295,2010,2010,,"Aug 13, 2012",,,read,,,,1,,,,,,,,
11,7150178,Big Nate: In a Class by Himself,Lincoln Peirce,"Peirce, Lincoln",,0061944343,9780061944345,,4.22,,,224,2010,2010,,"Aug 13, 2012",,,read,,,,1,,,,,,,,
12,10803806,Darth Paper Strikes Back,Tom Angleberger,"Angleberger, Tom",,1419700278,9781419700279,,4.12,,,163,2011,2011,,"Aug 13, 2012",,,read,,,,1,,,,,,,,
13,7905977,The Adventures of Ook and Gluk: Kung Fu Cavemen from the Future,Dav Pilkey,"Pilkey, Dav",,0545175305,9780545175302,,4.23,,,176,2010,2010,,"Aug 13, 2012",,,read,,,,1,,,,,,,,
14,476909,Queen of the World!,Jennifer L. Holm,"Holm, Jennifer L.",,0375832297,9780375832291,,3.89,,,96,2005,2005,,"Aug 13, 2012",,,read,,,,1,,,,,,,,
15,6277757,Lunch Lady and the Cyborg Substitute,Jarrett J. Krosoczka,"Krosoczka, Jarrett J.",,0375846832,9780375846830,,4.02,,,96,2009,2009,,"Aug 13, 2012",,,read,,,,1,,,,,,,,
16,6055161,Dragonbreath,Ursula Vernon,"Vernon, Ursula",,0803733631,9780803733633,,3.96,,,160,2009,2009,,"Aug 13, 2012",,,read,,,,1,,,,,,,,
17,7092508,Zombiekins,Kevin Bolger,"Bolger, Kevin",,1595141774,9781595141774,,3.95,,,206,2010,2010,,"Aug 13, 2012",,,read,,,,1,,,,,,,,
18,6655371,Babymouse Burns Rubber,Jennifer L. Holm,"Holm, Jennifer L.",,0375857133,9780375857133,,4.13,,,96,2010,2005,,"Aug 13, 2012",,,read,,,,1,,,,,,,,
19,47819,Attack of the 50-Ft. Cupid,Jim Benton,"Benton, Jim",,0689862962,9780689862960,,4.16,,,112,2005,2003,,"Aug 13, 2012",,,read,,,,1,,,,,,,,
20,7327318,"How to Grow Up and Rule the World, by Vordak the Incomprehensible",Vordak T. Incomprehensible,"Incomprehensible, Vordak T.",,1606840134,9781606840139,,3.88,,,208,2011,2010,,"Aug 13, 2012",,,read,,,,1,,,,,,,,
21,239418,The Adventures of Super Diaper Baby,Dav Pilkey,"Pilkey, Dav",,0439376068,9780439376068,,4.25,,,128,2002,2002,,"Aug 13, 2012",,,read,,,,1,,,,,,,,
22,6399428,"Happy Birthday, Bad Kitty",Nick Bruel,"Bruel, Nick",,1596433426,9781596433427,,4.16,,,160,2009,2009,,"Aug 13, 2012",,,read,,,,1,,,,,,,,
23,9486602,Super Amoeba,Jennifer L. Holm,"Holm, Jennifer L.",,0375843892,9780375843891,,3.98,,,96,2011,2011,,"Aug 13, 2012",,,read,,,,1,,,,,,,,
24,9470915,"Horton Halfpott; or, The Fiendish Mystery of Smugwick Manor; or, The Loosening of M’Lady Luggertuck’s Corset",Tom Angleberger,"Angleberger, Tom",,0810997150,9780810997158,,3.81,,,216,2011,2011,,"Aug 13, 2012",,,read,,,,1,,,,,,,,
25,8514027,Mission Unstoppable,Dan Gutman,"Gutman, Dan",,0061827649,9780061827648,,4.12,,,304,2011,2011,,"Aug 13, 2012",,,read,,,,1,,,,,,,,
26,8466286,The Hidden Gallery,Maryrose Wood,"Wood, Maryrose",,0061791121,9780061791123,,4.08,,,320,2011,2010,,"Aug 13, 2012",,,read,,,,1,,,,,,,,
27,9252036,The Penderwicks at Point Mouette,Jeanne Birdsall,"Birdsall, Jeanne",,0375858512,9780375858512,,4.35,,,295,2011,2011,,"Aug 13, 2012",,,read,,,,1,,,,,,,,
28,10637959,Breadcrumbs,Anne Ursu,"Ursu, Anne",,0062015052,9780062015051,,3.75,,,320,2011,2011,,"Aug 13, 2012",,,read,,,,1,,,,,,,,
29,10806008,Peter Nimble and His Fantastic Eyes,Jonathan Auxier,"Auxier, Jonathan",,1419700251,9781419700255,,4.10,,,400,2011,2011,,"Aug 13, 2012",,,read,,,,1,,,,,,,,
30,18131,A Wrinkle in Time,Madeleine L'Engle,"L'Engle, Madeleine",,0440498058,9780440498056,,3.99,,,211,1973,1962,,"Aug 13, 2012",,,read,,,,1,,,,,,,,
31,10128428,Wonderstruck,Brian Selznick,"Selznick, Brian",,0545027896,9780545027892,,4.16,,,640,2011,2011,,"Aug 13, 2012",,,read,,,,1,,,,,,,,
32,6327,The Witches,Roald Dahl,"Dahl, Roald",,0590032496,9780590032490,,4.16,,,208,1997,1983,"Jun 18, 2019","Aug 13, 2012",,,read,,,,2,,,,,,,,
33,8127,Anne of Green Gables,L.M. Montgomery,"Montgomery, L.M.",,0451528824,9780451528827,,4.28,,,320,2003,1908,"Apr 02, 2021","Aug 13, 2012",,,read,,,,2,,,,,,,,
34,378,The Phantom Tollbooth,Norton Juster,"Juster, Norton",,0394820371,9780394820378,,4.18,,,248,1996,1961,,"Aug 13, 2012",,,read,,,,1,,,,,,,,
35,225038,Half Magic,Edward Eager,"Eager, Edward",,0152020683,9780152020682,,3.94,,,192,1999,1954,,"Aug 13, 2012",,,read,,,,1,,,,,,,,
36,28187,The Lightning Thief,Rick Riordan,"Riordan, Rick",,,,,4.28,,,377,2006,2005,"Mar 25, 2019","Aug 13, 2012",,,read,,,,1,,,,,,,,
37,10336,The Last of the Really Great Whangdoodles,Julie Andrews Edwards,"Andrews Edwards, Julie",,0060218053,9780060218058,,4.26,,,209,1999,1974,,"Aug 13, 2012",,,read,,,,1,,,,,,,,
38,2921082,The Maze of Bones,Rick Riordan,"Riordan, Rick",,0545060397,9780545060394,,3.85,,,220,2008,2008,,"Aug 13, 2012",,,read,,,,1,,,,,,,,
39,268917,The Doll People,Ann M. Martin,"Martin, Ann M.",,0786812400,9780786812400,,4.05,,,288,2003,2000,,"Aug 13, 2012",,,read,,,,1,,,,,,,,
40,34262,Peter and the Starcatchers,Dave Barry,"Barry, Dave",,078684907X,9780786849079,,4.03,,,452,2006,2004,,"Aug 13, 2012",,,read,,,,1,,,,,,,,
41,25051,Mrs. Piggle-Wiggle,Betty MacDonald,"MacDonald, Betty",,0064401480,9780064401487,,4.15,,,128,2007,1947,,"Aug 13, 2012",,,read,,,,1,,,,,,,,
42,24686,"Toys Go Out: Being the Adventures of a Knowledgeable Stingray, a Toughy Little Buffalo, and Someone Called Plastic",Emily Jenkins,"Jenkins, Emily",,0375836047,9780375836046,,3.94,,,116,2006,2006,,"Aug 13, 2012",,,read,,,,1,,,,,,,,
43,7825557,A Tale Dark & Grimm,Adam Gidwitz,"Gidwitz, Adam",,0525423346,9780525423348,,4.07,,,256,2010,2010,,"Aug 13, 2012",,,read,,,,1,,,,,,,,
44,6704296,Attack of the Fluffy Bunnies,Andrea Beaty,"Beaty, Andrea",,0810984164,9780810984165,,3.71,,,184,2010,2010,,"Aug 13, 2012",,,read,,,,1,,,,,,,,
45,953260,Disney After Dark,Ridley Pearson,"Pearson, Ridley",,0786854448,9780786854448,,3.91,,,326,2005,2004,"Jun 13, 2015","Aug 13, 2012",,,read,,,,1,,,,,,,,
46,12868761,Let's Pretend This Never Happened: A Mostly True Memoir,Jenny Lawson,"Lawson, Jenny",,0399159010,9780399159015,,3.88,,,318,2012,2012,,"Aug 13, 2012",,,read,,,,1,,,,,,,,
47,3980,From the Mixed-Up Files of Mrs. Basil E. Frankweiler,E.L. Konigsburg,"Konigsburg, E.L.",,0744583276,9780744583274,,4.15,,,178,2003,1967,,"Aug 13, 2012",,,read,,,,1,,,,,,,,
48,11700079,The Fire,James Patterson,"Patterson, James",,0316194646,9780316194648,,3.86,,,282,2011,2011,"Aug 25, 2012","Aug 15, 2012",,,read,,,,1,,,,,,,,
49,5,Harry Potter and the Prisoner of Azkaban,J.K. Rowling,"Rowling, J.K.",,043965548X,9780439655484,,4.58,,,435,2004,1999,,"Aug 25, 2012",,,read,,,,1,,,,,,,,
50,6,Harry Potter and the Goblet of Fire,J.K. Rowling,"Rowling, J.K.",,,,,4.57,,,734,2002,2000,,"Aug 25, 2012",,,read,,,,1,,,,,,,,
51,2213661,The Graveyard Book,Neil Gaiman,"Gaiman, Neil",,0060530928,9780060530921,,4.14,,,312,2008,2008,,"Aug 25, 2012",,,read,,,,1,,,,,,,,
52,6596547,Mockingbird,Kathryn Erskine,"Erskine, Kathryn",,0399252649,9780399252648,,4.20,,,235,2010,2010,,"Aug 25, 2012",,,read,,,,1,,,,,,,,
53,237320,So B. It,Sarah Weeks,"Weeks, Sarah",,0064410471,9780064410472,,4.11,,,288,2005,2000,,"Aug 25, 2012",,,read,,,,1,,,,,,,,
54,8953,Freak the Mighty,Rodman Philbrick,"Philbrick, Rodman",,0439286069,9780439286060,,4.02,,,192,2001,1993,,"Aug 25, 2012",,,read,,,,1,,,,,,,,
55,1835150,Home of the Brave,Katherine Applegate,"Applegate, Katherine",,0312367651,9780312367657,,4.27,,,249,2007,2007,,"Aug 25, 2012",,,read,,,,1,,,,,,,,
56,2133795,Savvy,Ingrid Law,"Law, Ingrid",,0803733062,9780803733060,,3.98,,,342,2008,2008,,"Aug 25, 2012",,,read,,,,1,,,,,,,,
57,11387515,Wonder,R.J. Palacio,"Palacio, R.J.",,,,,4.40,,,315,2012,2012,,"Sep 08, 2012",,,read,,,,1,,,,,,,,
58,7260188,Mockingjay,Suzanne Collins,"Collins, Suzanne",,0439023513,9780439023511,,4.06,,,398,2010,2010,"Dec 17, 2013","Sep 08, 2012",,,read,,,,1,,,,,,,,
59,12426366,Fake Mustache,Tom Angleberger,"Angleberger, Tom",,1419701940,9781419701948,,3.84,,,208,2012,2012,,"Nov 22, 2012",,,read,,,,1,,,,,,,,
60,5027092,Slathbog's Gold,M.L. Forman,"Forman, M.L.",,1606410296,9781606410295,,4.18,,,406,2009,2009,"Mar 08, 2015","Nov 22, 2012",,,read,,,,2,,,,,,,,
61,9972821,The Aviary,Kathleen O'Dell,"O'Dell, Kathleen",,0375856056,9780375856051,,3.76,,,337,2011,2011,,"Nov 22, 2012",,,read,,,,1,,,,,,,,
62,5310515,When You Reach Me,Rebecca Stead,"Stead, Rebecca",,0385737424,9780385737425,,4.07,,,199,2009,2009,,"Jul 26, 2013",,,read,,,,1,,,,,,,,
63,50,Hatchet,Gary Paulsen,"Paulsen, Gary",,0689840926,9780689840920,,3.75,,,208,2000,1987,,"Jul 26, 2013",,,read,,,,1,,,,,,,,
64,3636,The Giver,Lois Lowry,"Lowry, Lois",,0385732554,9780385732550,,4.13,,,208,2006,1993,"Sep 08, 2020","Jul 26, 2013",,,read,,,,2,,,,,,,,
65,2767052,The Hunger Games,Suzanne Collins,"Collins, Suzanne",,0439023483,9780439023481,,4.32,,,374,2008,2008,,"Jul 26, 2013",,,read,,,,1,,,,,,,,
66,7541858,City of Bones,Cassandra Clare,"Clare, Cassandra",,,,,4.09,,,485,2009,2007,,"Jul 26, 2013",,,read,,,,0,,,,,,,,
67,38709,Holes,Louis Sachar,"Sachar, Louis",,0439244196,9780439244190,,3.98,,,233,2000,1998,,"Jul 26, 2013",,,read,,,,1,,,,,,,,
68,5907,"The Hobbit, or There and Back Again",J.R.R. Tolkien,"Tolkien, J.R.R.",,,,,4.28,,,366,2002,1937,,"Jul 26, 2013",,,read,,,,1,,,,,,,,
69,13335037,Divergent,Veronica Roth,"Roth, Veronica",,0062024035,9780062024039,,4.17,,,487,2012,2011,,"Jul 26, 2013",,,read,,,,1,,,,,,,,
70,47281,Number the Stars,Lois Lowry,"Lowry, Lois",,0440227534,9780440227533,,4.16,,,137,1998,1989,,"Jul 26, 2013",,,read,,,,1,,,,,,,,
71,28194,Inkheart,Cornelia Funke,"Funke, Cornelia",,0439709105,9780439709101,,3.90,,,563,2005,2003,,"Jul 26, 2013",,,read,,,,1,,,,,,,,
72,22232,Stargirl,Jerry Spinelli,"Spinelli, Jerry",,0439488400,9780439488402,,3.77,,,186,2002,2000,,"Jul 26, 2013",,,read,,,,1,,,,,,,,
73,3236307,Graceling,Kristin Cashore,"Cashore, Kristin",,,9780152063962,,4.07,,,471,2008,2008,,"Jul 26, 2013",,,read,,,,1,,,,,,,,
74,249747,Artemis Fowl,Eoin Colfer,"Colfer, Eoin",,,,,3.85,,,396,2003,2001,,"Jul 26, 2013",,,read,,,,1,,,,,,,,
75,78411,The Bad Beginning,Lemony Snicket,"Snicket, Lemony",,0439206472,9780439206471,,3.97,,,176,1999,1999,,"Jul 26, 2013",,,read,,,,1,,,,,,,,
76,307791,The City of Ember,Jeanne DuPrau,"DuPrau, Jeanne",,0375822747,9780375822742,,3.88,,,270,2003,2003,,"Jul 26, 2013",,,read,,,,1,,,,,,,,
77,13152,The Angel Experiment,James Patterson,"Patterson, James",,0446617792,9780446617796,,4.07,,,445,2006,2005,,"Jul 26, 2013",,,read,,,,1,,,,,,,,
78,34,The Fellowship of the Ring,J.R.R. Tolkien,"Tolkien, J.R.R.",,0618346252,9780618346257,,4.37,,,398,2003,1954,,"Jul 26, 2013",,,read,,,,1,,,,,,,,
79,7171637,Clockwork Angel,Cassandra Clare,"Clare, Cassandra",,1416975861,9781416975861,,4.31,,,479,2010,2010,"Nov 04, 2018","Jul 26, 2013",,,read,,,,2,,,,,,,,
80,357664,Because of Winn-Dixie,Kate DiCamillo,"DiCamillo, Kate",,0763616052,9780763616052,,4.07,,,182,2001,2000,,"Jul 26, 2013",,,read,,,,1,,,,,,,,
81,53496,Walk Two Moons,Sharon Creech,"Creech, Sharon",,0060739495,9780060739492,,3.97,,,280,1996,1994,,"Jul 26, 2013",,,read,,,,1,,,,,,,,
82,6148028,Catching Fire,Suzanne Collins,"Collins, Suzanne",,0439023491,9780439023498,,4.30,,,391,2009,2009,,"Jul 26, 2013",,,read,,,,1,,,,,,,,
83,310459,"Roll of Thunder, Hear My Cry",Mildred D. Taylor,"Taylor, Mildred D.",,014034893X,9780140348934,,3.86,,,288,1991,1976,,"Jul 26, 2013",,,read,,,,1,,,,,,,,
84,764347,Unwind,Neal Shusterman,"Shusterman, Neal",,1416912045,9781416912040,,4.16,,,337,2007,2007,,"Jul 26, 2013",,,read,,,,1,,,,,,,,
85,11735983,Insurgent,Veronica Roth,"Roth, Veronica",,0007442912,9780007442911,,4.00,,,525,2012,2012,,"Jul 26, 2013",,,read,,,,1,,,,,,,,
86,1582996,City of Ashes,Cassandra Clare,"Clare, Cassandra",,1416914293,9781416914297,,4.14,,,453,2008,2008,"Feb 26, 2019","Jul 26, 2013",,,read,,,,2,,,,,,,,
87,3777732,City of Glass,Cassandra Clare,"Clare, Cassandra",,1416914307,9781416914303,,4.29,,,541,2009,2009,"Feb 28, 2019","Jul 26, 2013",,,read,,,,2,,,,,,,,
88,6137154,Fire,Kristin Cashore,"Cashore, Kristin",,0803734611,9780803734616,,4.10,,,480,2009,2009,,"Jul 26, 2013",,,read,,,,1,,,,,,,,
89,11614718,Delirium,Lauren Oliver,"Oliver, Lauren",,0061726834,9780061726835,,3.96,,,441,2012,2011,,"Jul 28, 2013",,,read,,,,1,,,,,,,,
90,39963,A Long Way from Chicago,Richard Peck,"Peck, Richard",,0142401102,9780142401101,,3.95,,,160,2004,1998,,"Jul 28, 2013",,,read,,,,1,,,,,,,,
91,6644117,The Iron King,Julie Kagawa,"Kagawa, Julie",,0373210086,9780373210084,,3.89,,,363,2010,2010,,"Sep 20, 2013",,,read,,,,1,,,,,,,,
92,136251,Harry Potter and the Deathly Hallows,J.K. Rowling,"Rowling, J.K.",,,,,4.62,,,759,2007,2007,,"Oct 31, 2013",,,read,,,,1,,,,,,,,
93,1,Harry Potter and the Half-Blood Prince,J.K. Rowling,"Rowling, J.K.",,,,,4.57,,,652,2006,2005,,"Oct 31, 2013",,,read,,,,1,,,,,,,,
94,15881,Harry Potter and the Chamber of Secrets,J.K. Rowling,"Rowling, J.K.",,,,,4.43,,,341,1999,1998,,"Oct 31, 2013",,,read,,,,1,,,,,,,,
95,2,Harry Potter and the Order of the Phoenix,J.K. Rowling,"Rowling, J.K.",,,,,4.50,,,870,2004,2003,,"Oct 31, 2013",,,read,,,,1,,,,,,,,
96,18710190,Allegiant,Veronica Roth,"Roth, Veronica",,0007524277,9780007524273,,3.61,,,526,2013,2013,,"Nov 04, 2013",,,read,,,,1,,,,,,,,
97,4932435,Finnikin of the Rock,Melina Marchetta,"Marchetta, Melina",,0670072818,9780670072811,,3.88,,,416,2008,2008,,"Nov 29, 2013",,,read,,,,1,,,,,,,,
98,6186357,The Maze Runner,James Dashner,"Dashner, James",,0385737947,9780385737944,,4.04,,,384,2009,2009,,"Nov 29, 2013",,,read,,,,1,,,,,,,,
99,17948607,The Treatment,Suzanne Young,"Young, Suzanne",,,,,4.01,,,344,2014,2014,,"Nov 29, 2013",,,read,,,,1,,,,,,,,
100,18089999,Frozen,Erin Bowman,"Bowman, Erin",,0062117297,9780062117298,,3.96,,,359,2014,2014,,"Nov 29, 2013",,,read,,,,1,,,,,,,,
101,8755785,City of Heavenly Fire,Cassandra Clare,"Clare, Cassandra",,1481426303,9781481426305,,4.40,,,725,2014,2014,,"Nov 29, 2013",,,read,,,,1,,,,,,,,
102,18705209,The Blood of Olympus,Rick Riordan,"Riordan, Rick",,1484724917,9781423146735,,4.42,,,528,2014,2014,"Jan 09, 2015","Nov 29, 2013",,,read,,,,1,,,,,,,,
103,41899,Fantastic Beasts and Where to Find Them,Newt Scamander,"Scamander, Newt",,0439321603,9780439321600,,3.97,,,128,2001,2001,,"Nov 29, 2013",,,read,,,,1,,,,,,,,
104,3950967,The Tales of Beedle the Bard,J.K. Rowling,"Rowling, J.K.",,0747599874,9780747599876,,4.05,,,109,2008,2008,,"Nov 29, 2013",,,read,,,,1,,,,,,,,
105,111450,Quidditch Through the Ages,J.K. Rowling,"Rowling, J.K.",,0439321611,9780439321617,,3.82,,,105,2001,2001,"Jun 26, 2015","Nov 29, 2013",,,read,,,,1,,,,,,,,
106,12396528,Hollow City,Ransom Riggs,"Riggs, Ransom",,1594746125,9781594746123,,4.05,,,399,2014,2014,,"Nov 29, 2013",,,read,,,,1,,,,,,,,
107,11044367,Taken,Erin Bowman,"Bowman, Erin",,0062117262,9780062117267,,3.76,,,360,2013,2013,,"Dec 17, 2013",,,read,,,,1,,,,,,,,
108,18335634,Clockwork Princess,Cassandra Clare,"Clare, Cassandra",,1406321346,9781406321340,,4.56,,,567,2013,2013,,"Dec 17, 2013",,,read,,,,1,,,,,,,,
109,17383918,Allegiant,Veronica Roth,"Roth, Veronica",,006202406X,9780062024060,,3.61,,,526,2013,2013,,"Dec 17, 2013",,,read,,,,1,,,,,,,,
110,16101128,The 5th Wave,Rick Yancey,"Yancey, Rick",,0399162410,9780399162411,,4.02,,,457,2013,2013,,"Dec 17, 2013",,,read,,,,1,,,,,,,,
111,9593913,Requiem,Lauren Oliver,"Oliver, Lauren",,0062014536,9780062014535,,3.74,,,391,2013,2013,,"Dec 17, 2013",,,read,,,,1,,,,,,,,
112,15861491,The Fall of Five,Pittacus Lore,"Lore, Pittacus",,0061974617,9780061974618,,4.23,,,355,2013,2013,,"Dec 17, 2013",,,read,,,,1,,,,,,,,
113,12127810,The House of Hades,Rick Riordan,"Riordan, Rick",,1423146727,9781423146728,,4.54,,,597,2013,2013,,"Dec 17, 2013",,,read,,,,1,,,,,,,,
114,15944406,Doll Bones,Holly Black,"Black, Holly",,1416963987,9781416963981,,3.68,,,256,2013,2013,,"Dec 17, 2013",,,read,,,,1,,,,,,,,
115,11984131,Fyre,Angie Sage,"Sage, Angie",,0061242454,9780061242458,,4.30,,,720,2013,2013,,"Dec 17, 2013",,,read,,,,1,,,,,,,,
116,16248113,The School for Good and Evil,Soman Chainani,"Chainani, Soman",,0062104896,9780062104892,,4.02,,,488,2013,2013,,"Dec 17, 2013",,,read,,,,1,,,,,,,,
117,231804,The Outsiders,S.E. Hinton,"Hinton, S.E.",,,,,4.11,,,192,1997,1967,,"Dec 17, 2013",,,read,,,,1,,,,,,,,
118,24770,Uglies,Scott Westerfeld,"Westerfeld, Scott",,0689865384,9780689865381,,3.85,,,425,2005,2005,,"Dec 17, 2013",,,read,,,,1,,,,,,,,
119,7735333,Matched,Ally Condie,"Condie, Ally",,0525423648,9780525423645,,3.64,,,369,2010,2010,,"Dec 17, 2013",,,read,,,,1,,,,,,,,
120,24768,Pretties,Scott Westerfeld,"Westerfeld, Scott",,0689865392,9780689865398,,3.84,,,370,2005,2005,,"Dec 17, 2013",,,read,,,,1,,,,,,,,
121,24765,Specials,Scott Westerfeld,"Westerfeld, Scott",,0689865406,9780689865404,,3.76,,,384,2006,2006,,"Dec 17, 2013",,,read,,,,1,,,,,,,,
122,9593911,Pandemonium,Lauren Oliver,"Oliver, Lauren",,006197806X,9780061978067,,4.04,,,375,2012,2012,,"Dec 17, 2013",,,read,,,,1,,,,,,,,
123,7631105,The Scorch Trials,James Dashner,"Dashner, James",,0385738757,9780385738750,,3.91,,,362,2010,2010,,"Dec 17, 2013",,,read,,,,1,,,,,,,,
124,493456,Extras,Scott Westerfeld,"Westerfeld, Scott",,1416951172,9781416951179,,3.60,,,417,2007,2006,,"Dec 17, 2013",,,read,,,,1,,,,,,,,
125,7624272,The Lost Hero,Rick Riordan,"Riordan, Rick",,0307711773,9780307711779,,4.32,,,14,2010,2010,,"Dec 17, 2013",,,read,,,,1,,,,,,,,
126,248309,The Cry of the Icemark,Stuart Hill,"Hill, Stuart",,043968627X,9780439686273,,4.12,,,496,2009,2005,,"Dec 17, 2013",,,read,,,,1,,,,,,,,
127,16054808,Escape from Mr. Lemoncello's Library,Chris Grabenstein,"Grabenstein, Chris",,037587089X,9780375870897,,4.13,,,304,2013,2013,,"Jan 12, 2014",,,read,,,,1,,,,,,,,
128,16030663,Far Far Away,Tom McNeal,"McNeal, Tom",,0375849726,9780375849725,,3.87,,,384,2013,2013,,"Jan 12, 2014",,,read,,,,1,,,,,,,,
129,15818254,Jinx,Sage Blackwood,"Blackwood, Sage",,0062129902,9780062129901,,4.05,,,368,2013,2013,,"Jan 12, 2014",,,read,,,,1,,,,,,,,
130,11366397,The Program,Suzanne Young,"Young, Suzanne",,1442445807,9781442445802,,4.05,,,405,2013,2013,,"Jan 23, 2014",,,read,,,,1,,,,,,,,
131,18053060,Dorothy Must Die,Danielle Paige,"Paige, Danielle",,0062280678,9780062280671,,3.81,,,452,2014,2014,,"Jan 23, 2014",,,read,,,,1,,,,,,,,
132,15769788,Rebel,Amy Tintera,"Tintera, Amy",,0062217100,9780062217103,,4.01,,,340,2014,2014,,"Jan 23, 2014",,,read,,,,1,,,,,,,,
133,8598746,I Am Number Four,Pittacus Lore,"Lore, Pittacus",,,,,3.93,,,452,2010,2010,,"Jan 23, 2014",,,read,,,,1,,,,,,,,
134,6442769,Paper Towns,John Green,"Green, John",,014241493X,9780142414934,,3.75,,,305,2009,2008,,"Mar 17, 2014",,,read,,,,1,,,,,,,,
135,9460487,Miss Peregrine's Home for Peculiar Children,Ransom Riggs,"Riggs, Ransom",,,,,3.91,,,352,2011,2011,,"Mar 17, 2014",,,read,,,,1,,,,,,,,
136,10025305,Clockwork Prince,Cassandra Clare,"Clare, Cassandra",,1416975888,9781416975885,,4.43,,,498,2011,2011,,"Mar 17, 2014",,,read,,,,1,,,,,,,,
137,49750,An Abundance of Katherines,John Green,"Green, John",,0525476881,9780525476887,,3.55,,,229,2006,2006,,"Mar 17, 2014",,,read,,,,1,,,,,,,,
138,19549841,Seraphina,Rachel Hartman,"Hartman, Rachel",,,,,3.94,,,499,2013,2012,"Dec 25, 2015","Mar 17, 2014",,,read,,,,1,,,,,,,,
139,13531021,Splendors and Glooms,Laura Amy Schlitz,"Schlitz, Laura Amy",,0763653802,9780763653804,,3.83,,,384,2012,2012,,"Mar 17, 2014",,,read,,,,1,,,,,,,,
140,10626594,The Scorpio Races,Maggie Stiefvater,"Stiefvater, Maggie",,054522490X,9780545224901,,4.08,,,409,2011,2011,,"Mar 17, 2014",,,read,,,,1,,,,,,,,
141,83369,The Mysterious Benedict Society,Trenton Lee Stewart,"Stewart, Trenton Lee",,0316057770,9780316057776,,4.18,,,486,2007,2007,,"Mar 17, 2014",,,read,,,,1,,,,,,,,
142,99561,Looking for Alaska,John Green,"Green, John",,,,,3.99,,,221,2006,2005,,"Mar 17, 2014",,,read,,,,1,,,,,,,,
143,16718816,Control,Lydia Kang,"Kang, Lydia",,0803739044,9780803739048,,3.87,,,393,2013,2013,,"Mar 17, 2014",,,read,,,,1,,,,,,,,
144,11237412,Six's Legacy,Pittacus Lore,"Lore, Pittacus",,,,,4.09,,,97,2011,2011,,"Mar 17, 2014",,,read,,,,1,,,,,,,,
145,769483,Magyk,Angie Sage,"Sage, Angie",,0060577312,9780060577315,,3.84,,,564,2005,2005,"Apr 05, 2020","Mar 17, 2014",,,read,,,,2,,,,,,,,
146,113436,Eragon,Christopher Paolini,"Paolini, Christopher",,0375826696,9780375826696,,3.92,,,503,2005,2002,,"Mar 17, 2014",,,read,,,,1,,,,,,,,
147,13517455,Reboot,Amy Tintera,"Tintera, Amy",,0062217070,9780062217073,,3.90,,,365,2013,2013,,"Mar 31, 2014",,,read,,,,1,,,,,,,,
148,18004314,A World Without Princes,Soman Chainani,"Chainani, Soman",,,,,4.05,,,433,2014,2014,,"Mar 31, 2014",,,read,,,,1,,,,,,,,
149,6760780,The Grimm Legacy,Polly Shulman,"Shulman, Polly",,0399250964,9780399250965,,3.89,,,336,2010,2010,,"Mar 31, 2014",,,read,,,,1,,,,,,,,
150,6609758,Numbers,Rachel Ward,"Ward, Rachel",,0545142997,9780545142991,,3.47,,,325,2010,2008,,"Mar 31, 2014",,,read,,,,1,,,,,,,,
151,20409231,Killer Instinct,Jennifer Lynn Barnes,"Barnes, Jennifer Lynn",,1423168321,9781423168324,,4.36,,,375,2014,2014,,"Apr 21, 2014",,,read,,,,1,,,,,,,,
152,16131484,The Infinite Sea,Rick Yancey,"Yancey, Rick",,,,,3.86,,,320,2014,2014,,"Apr 22, 2014",,,read,,,,1,,,,,,,,
153,8490112,Daughter of Smoke & Bone,Laini Taylor,"Taylor, Laini",,0316134023,9780316134026,,3.99,,,418,2011,2011,,"Apr 22, 2014",,,read,,,,1,,,,,,,,
154,25494343,Lady Midnight,Cassandra Clare,"Clare, Cassandra",,1442468351,9781442468351,,4.37,,,669,2016,2016,,"May 02, 2014",,,read,,,,1,,,,,,,,
155,11300302,Alice in Zombieland,Gena Showalter,"Showalter, Gena",,0373210582,9780373210589,,4.03,,,404,2012,2012,,"May 06, 2014",,,read,,,,1,,,,,,,,
156,15755296,Through the Zombie Glass,Gena Showalter,"Showalter, Gena",,0373210779,9780373210770,,4.27,,,480,2013,2013,,"May 06, 2014",,,read,,,,1,,,,,,,,
157,10429045,Shatter Me,Tahereh Mafi,"Mafi, Tahereh",,0062085484,9780062085481,,3.92,,,338,2011,2011,,"May 06, 2014",,,read,,,,1,,,,,,,,
158,9275658,Legend,Marie Lu,"Lu, Marie",,,,,4.16,,,305,2011,2011,"Aug 21, 2015","May 06, 2014",,,read,,,,1,,,,,,,,
159,7137327,Enclave,Ann Aguirre,"Aguirre, Ann",,0312650086,9780312650087,,3.91,,,259,2011,2011,,"May 06, 2014",,,read,,,,1,,,,,,,,
160,10044423,Dark of the Moon,Tracy Barrett,"Barrett, Tracy",,0547581327,9780547581323,,3.20,,,310,2011,2011,,"May 09, 2014",,,read,,,,1,,,,,,,,
161,10137823,The Rithmatist,Brandon Sanderson,"Sanderson, Brandon",,0765320320,9780765320322,,4.23,,,378,2013,2013,,"May 18, 2014",,,read,,,,1,,,,,,,,
162,10859509,Altered,Jennifer Rush,"Rush, Jennifer",,0316197084,9780316197083,,4.02,,,323,2013,2013,,"May 18, 2014",,,read,,,,1,,,,,,,,
163,17899846,Erased,Jennifer Rush,"Rush, Jennifer",,1478925353,9781478925354,,4.06,,,288,2014,2014,,"May 18, 2014",,,read,,,,1,,,,,,,,
164,11594337,The One and Only Ivan,Katherine Applegate,"Applegate, Katherine",,0061992259,9780061992254,,4.26,,,307,2012,2012,,"May 18, 2014",,,read,,,,1,,,,,,,,
165,3153910,The Art of Racing in the Rain,Garth Stein,"Stein, Garth",,1554681723,9781554681723,,4.22,,,321,2008,2008,,"May 18, 2014",,,read,,,,1,,,,,,,,
166,9786641,Racing in the Rain: My Life as a Dog,Garth Stein,"Stein, Garth",,0062015761,9780062015761,,4.38,,,304,2011,2011,,"May 18, 2014",,,read,,,,1,,,,,,,,
167,9476367,"Stickman Odyssey, Book 1: An Epic Doodle",Christopher Ford,"Ford, Christopher",,0399254269,9780399254260,,3.86,,,208,2011,2011,,"May 18, 2014",,,read,,,,1,,,,,,,,
168,12924137,"Stickman Odyssey, Book 2: The Wrath of Zozimos",Christopher Ford,"Ford, Christopher",,0399254277,9780399254277,,4.31,,,224,2012,2012,,"May 18, 2014",,,read,,,,1,,,,,,,,
169,2090640,The Girl Who Could Fly,Victoria Forester,"Forester, Victoria",,0312374623,9780312374624,,4.08,,,328,2008,2008,,"May 18, 2014",,,read,,,,1,,,,,,,,
170,6319,The BFG,Roald Dahl,"Dahl, Roald",,0141311371,9780141311371,,4.22,,,199,2001,1982,,"May 18, 2014",,,read,,,,1,,,,,,,,
171,53498,Love That Dog,Sharon Creech,"Creech, Sharon",,0064409597,9780064409599,,4.03,,,112,2008,2001,,"May 18, 2014",,,read,,,,1,,,,,,,,
172,28186,The Sea of Monsters,Rick Riordan,"Riordan, Rick",,0786856866,9780786856862,,4.24,,,279,2006,2006,"Mar 25, 2019","May 18, 2014",,,read,,,,2,,,,,,,,
173,561456,The Titan's Curse,Rick Riordan,"Riordan, Rick",,0141382899,9780141382890,,4.35,,,320,2007,2007,"Mar 26, 2019","May 18, 2014",,,read,,,,1,,,,,,,,
174,2120932,The Battle of the Labyrinth,Rick Riordan,"Riordan, Rick",,,,,4.40,,,361,2008,2008,"Mar 28, 2019","May 18, 2014",,,read,,,,1,,,,,,,,
175,4502507,The Last Olympian,Rick Riordan,"Riordan, Rick",,0739380338,9780739380338,,4.52,,,387,2009,2009,,"May 18, 2014",,,read,,,,1,,,,,,,,
176,5356447,The Mysterious Benedict Society and the Perilous Journey,Trenton Lee Stewart,"Stewart, Trenton Lee",,0316036730,9780316036733,,4.21,,,440,2009,2008,,"May 18, 2014",,,read,,,,1,,,,,,,,
177,6202556,The Evolution of Calpurnia Tate,Jacqueline Kelly,"Kelly, Jacqueline",,0805088415,9780805088410,,3.97,,,344,2009,2009,,"May 18, 2014",,,read,,,,1,,,,,,,,
178,6385622,The Mysterious Benedict Society and the Prisoner's Dilemma,Trenton Lee Stewart,"Stewart, Trenton Lee",,0316045527,9780316045520,,4.30,,,391,2009,2009,,"May 18, 2014",,,read,,,,1,,,,,,,,
179,37186,The Miraculous Journey of Edward Tulane,Kate DiCamillo,"DiCamillo, Kate",,0763625892,9780763625894,,4.35,,,228,2006,2006,,"May 18, 2014",,,read,,,,1,,,,,,,,
180,17331483,No Place Like Oz,Danielle Paige,"Paige, Danielle",,0062280767,9780062280763,,3.82,,,125,2013,2013,,"May 18, 2014",,,read,,,,1,,,,,,,,
181,7939759,This Isn't What It Looks Like,Pseudonymous Bosch,"Bosch, Pseudonymous",,0316076252,9780316076258,,4.29,,,423,2010,2010,,"May 18, 2014",,,read,,,,1,,,,,,,,
182,8112318,The Candymakers,Wendy Mass,"Mass, Wendy",,0316002585,9780316002585,,4.30,,,453,2010,2010,,"May 18, 2014",,,read,,,,1,,,,,,,,
183,10757817,You Have to Stop This,Pseudonymous Bosch,"Bosch, Pseudonymous",,0316076260,9780316076265,,4.33,,,352,2011,2011,,"May 18, 2014",,,read,,,,1,,,,,,,,
184,10818982,The Final Exam,Gitty Daneshvari,"Daneshvari, Gitty",,0316182877,9780316182874,,4.02,,,336,2011,2011,,"May 18, 2014",,,read,,,,1,,,,,,,,
185,1575453,The Puzzling World of Winston Breen,Eric Berlin,"Berlin, Eric",,0399246932,9780399246937,,3.87,,,224,2007,2007,,"May 18, 2014",,,read,,,,1,,,,,,,,
186,2884758,Masterpiece,Elise Broach,"Broach, Elise",,0805082700,9780805082708,,3.93,,,292,2008,2008,,"May 18, 2014",,,read,,,,1,,,,,,,,
187,4581447,The Ring of Rocamadour,Michael D. Beil,"Beil, Michael D.",,0375848142,9780375848148,,3.79,,,304,2009,2009,,"May 18, 2014",,,read,,,,1,,,,,,,,
188,6929700,The Vanishing Violin,Michael D. Beil,"Beil, Michael D.",,0375861033,9780375861031,,4.07,,,336,2010,2010,,"May 18, 2014",,,read,,,,1,,,,,,,,
189,9567747,The Mistaken Masterpiece,Michael D. Beil,"Beil, Michael D.",,0375867406,9780375867408,,4.09,,,320,2011,2011,,"May 18, 2014",,,read,,,,1,,,,,,,,
190,13414848,The Secret Cellar,Michael D. Beil,"Beil, Michael D.",,0375967419,9780375967412,,4.26,,,288,2012,2012,,"May 18, 2014",,,read,,,,1,,,,,,,,
191,5078839,The Potato Chip Puzzles,Eric Berlin,"Berlin, Eric",,0399251987,9780399251986,,3.99,,,244,2009,2009,,"May 18, 2014",,,read,,,,1,,,,,,,,
192,10284337,Floors,Patrick Carman,"Carman, Patrick",,0545255198,9780545255196,,3.93,,,261,2011,2011,,"May 18, 2014",,,read,,,,1,,,,,,,,
193,1947017,Gods of Manhattan,Scott Mebus,"Mebus, Scott",,0525479554,9780525479550,,3.70,,,340,2008,2008,,"May 18, 2014",,,read,,,,1,,,,,,,,
194,119322,The Golden Compass,Philip Pullman,"Pullman, Philip",,0679879242,9780679879244,,4.00,,,399,1996,1995,"Nov 26, 2018","May 21, 2014",,,read,,,,2,,,,,,,,
195,17464884,Constable & Toop,Gareth P. Jones,"Jones, Gareth P.",,1419707825,9781419707827,,3.85,,,391,2013,2012,,"May 21, 2014",,,read,,,,1,,,,,,,,
196,17165980,How to Catch a Bogle,Catherine Jinks,"Jinks, Catherine",,0544087089,9780544087088,,3.78,,,320,2013,2013,,"May 21, 2014",,,read,,,,1,,,,,,,,
197,15766776,Rump: The True Story of Rumpelstiltskin,Liesl Shurtliff,"Shurtliff, Liesl",,0307977935,9780307977939,,4.05,,,272,2013,2013,,"May 21, 2014",,,read,,,,1,,,,,,,,
198,15780279,A Tangle of Knots,Lisa Graff,"Graff, Lisa",,0399255176,9780399255175,,3.95,,,230,2013,2013,,"May 21, 2014",,,read,,,,1,,,,,,,,
199,13380221,House of Secrets,Chris Columbus,"Columbus, Chris",,0062192469,9780062192462,,3.82,,,490,2013,2013,,"May 21, 2014",,,read,,,,1,,,,,,,,
200,16101024,The Wells Bequest,Polly Shulman,"Shulman, Polly",,0399256466,9780399256462,,3.87,,,260,2013,2013,,"May 21, 2014",,,read,,,,1,,,,,,,,
201,13438522,Freakling,Lana Krumwiede,"Krumwiede, Lana",,0763659371,9780763659370,,3.84,,,320,2012,2012,,"May 21, 2014",,,read,,,,1,,,,,,,,
202,16101084,The Activist,John Grisham,"Grisham, John",,0525425772,9780525425779,,4.00,,,289,2013,2013,,"May 21, 2014",,,read,,,,1,,,,,,,,
203,7824997,Theodore Boone: Kid Lawyer,John Grisham,"Grisham, John",,0142428698,9780142428696,,3.77,,,4,2010,2010,,"May 21, 2014",,,read,,,,1,,,,,,,,
204,10720733,The Abduction,John Grisham,"Grisham, John",,,,,3.80,,,232,2011,2010,,"May 21, 2014",,,read,,,,1,,,,,,,,
205,11737268,The Accused,John Grisham,"Grisham, John",,0525425764,9780525425762,,3.99,,,288,2012,2012,,"May 21, 2014",,,read,,,,1,,,,,,,,
206,15798672,Zebra Forest,Adina Rishe Gewirtz,"Gewirtz, Adina Rishe",,0763660418,9780763660413,,3.75,,,208,2013,2013,,"May 21, 2014",,,read,,,,1,,,,,,,,
207,17465447,The Grimm Conclusion,Adam Gidwitz,"Gidwitz, Adam",,0525426159,9780525426158,,4.23,,,344,2013,2013,,"May 21, 2014",,,read,,,,1,,,,,,,,
208,13513080,In a Glass Grimmly,Adam Gidwitz,"Gidwitz, Adam",,,,,4.22,,,192,2012,2012,,"May 21, 2014",,,read,,,,1,,,,,,,,
209,16052012,Flora & Ulysses: The Illuminated Adventures,Kate DiCamillo,"DiCamillo, Kate",,076366040X,9780763660406,,3.88,,,231,2013,2013,,"May 21, 2014",,,read,,,,1,,,,,,,,
210,15745647,Bad Unicorn,Platte F. Clark,"Clark, Platte F.",,1442450126,9781442450127,,3.71,,,432,2013,2013,,"May 21, 2014",,,read,,,,1,,,,,,,,
211,17080054,The Book of Lost Things,Cynthia Voigt,"Voigt, Cynthia",,0307976815,9780307976819,,3.72,,,374,2013,2013,,"May 21, 2014",,,read,,,,1,,,,,,,,
212,15755709,Dark Passage,Ridley Pearson,"Pearson, Ridley",,142316489X,9781423164890,,4.18,,,437,2013,2013,,"May 21, 2014",,,read,,,,1,,,,,,,,
213,6192443,I Am a Genius of Unspeakable Evil and I Want to Be Your Class President,Josh Lieb,"Lieb, Josh",,1595142401,9781595142405,,3.64,,,303,2009,2009,,"May 21, 2014",,,read,,,,1,,,,,,,,
214,4374400,If I Stay,Gayle Forman,"Forman, Gayle",,0525421033,9780525421030,,3.93,,,201,2009,2009,,"May 21, 2014",,,read,,,,1,,,,,,,,
215,13326831,The Testing,Joelle Charbonneau,"Charbonneau, Joelle",,0547959109,9780547959108,,4.04,,,325,2013,2013,,"May 22, 2014",,,read,,,,1,,,,,,,,
216,17165932,Independent Study,Joelle Charbonneau,"Charbonneau, Joelle",,0547959206,9780547959207,,3.97,,,320,2014,2014,,"May 22, 2014",,,read,,,,1,,,,,,,,
217,18222699,Graduation Day,Joelle Charbonneau,"Charbonneau, Joelle",,0547959214,9780547959214,,3.83,,,304,2014,2014,,"May 22, 2014",,,read,,,,1,,,,,,,,
218,18635086,The Eighth Day,Dianne K. Salerni,"Salerni, Dianne K.",,0062272152,9780062272157,,4.04,,,320,2014,2014,,"May 22, 2014",,,read,,,,1,,,,,,,,
219,12534534,Bad Apple,T.R. Burns,"Burns, T.R.",,1442440295,9781442440296,,3.84,,,352,2012,2012,,"May 22, 2014",,,read,,,,1,,,,,,,,
220,15801373,A World of Trouble,T.R. Burns,"Burns, T.R.",,1442440325,9781442440326,,3.89,,,376,2013,2012,,"May 22, 2014",,,read,,,,1,,,,,,,,
221,6752378,City of Fallen Angels,Cassandra Clare,"Clare, Cassandra",,1442403543,9781442403543,,4.10,,,425,2011,2011,"Mar 04, 2019","May 25, 2014",,,read,,,,2,,,,,,,,
222,8755776,City of Lost Souls,Cassandra Clare,"Clare, Cassandra",,1442416866,9781442416864,,4.24,,,535,2012,2012,,"May 25, 2014",,,read,,,,1,,,,,,,,
223,256683,City of Bones,Cassandra Clare,"Clare, Cassandra",,1416914285,9781416914280,,4.09,,,485,2007,2007,"Feb 25, 2019","May 25, 2014",,,read,,,,1,,,,,,,,
224,6482837,Before I Fall,Lauren Oliver,"Oliver, Lauren",,0061726818,9780061726811,,3.89,,,470,2010,2010,,"May 25, 2014",,,read,,,,1,,,,,,,,
225,11737313,Three Times Lucky,Sheila Turnage,"Turnage, Sheila",,0803736703,9780803736702,,4.03,,,312,2012,2012,,"May 25, 2014",,,read,,,,1,,,,,,,,
226,16179216,Dear Killer,Katherine Ewell,"Ewell, Katherine",,0062257803,9780062257802,,3.47,,,362,2014,2014,,"May 25, 2014",,,read,,,,1,,,,,,,,
227,6050678,Leviathan,Scott Westerfeld,"Westerfeld, Scott",,1416971734,9781416971733,,3.91,,,440,2009,2009,,"May 25, 2014",,,read,,,,1,,,,,,,,
228,544891,Beastly,Alex Flinn,"Flinn, Alex",,0060874163,9780060874162,,3.83,,,304,2007,2007,,"May 25, 2014",,,read,,,,1,,,,,,,,
229,10635363,Steampunk! An Anthology of Fantastically Rich and Strange Stories,Kelly Link,"Link, Kelly",,0763648434,9780763648435,,3.66,,,422,2011,2011,,"Jun 02, 2014",,,read,,,,1,,,,,,,,
230,7171748,Zombies Vs. Unicorns,Holly Black,"Black, Holly",,1416989536,9781416989530,,3.71,,,415,2010,2010,,"Jun 02, 2014",,,read,,,,1,,,,,,,,
231,16303287,The Bane Chronicles,Cassandra Clare,"Clare, Cassandra",,1442495995,9781442495999,,4.12,,,507,2014,2014,"Jan 18, 2015","Jun 02, 2014",,,read,,,,1,,,,,,,,
232,7327327,The Search for WondLa,Tony DiTerlizzi,"DiTerlizzi, Tony",,1416983104,9781416983101,,4.08,,,484,2010,2009,,"Jun 02, 2014",,,read,,,,1,,,,,,,,
233,12049592,A Hero For WondLa,Tony DiTerlizzi,"DiTerlizzi, Tony",,085707301X,9780857073013,,4.26,,,445,2012,2012,,"Jun 02, 2014",,,read,,,,1,,,,,,,,
234,6999776,City of Bones,Cassandra Clare,"Clare, Cassandra",,1416995757,9781416995753,,4.09,,,344,2009,2007,,"Jun 02, 2014",,,read,,,,1,,,,,,,,
235,44170,The Looking Glass Wars,Frank Beddor,"Beddor, Frank",,0803731531,9780803731530,,3.93,,,364,2006,2004,,"Jun 02, 2014",,,read,,,,1,,,,,,,,
236,9520360,The Son of Neptune,Rick Riordan,"Riordan, Rick",,1423140591,9781423140597,,4.42,,,521,2011,2011,"Apr 11, 2018","Jun 02, 2014",,,read,,,,1,,,,,,,,
237,13139,School's Out—Forever,James Patterson,"Patterson, James",,0316155594,9780316155595,,4.15,,,409,2006,2006,,"Jun 02, 2014",,,read,,,,1,,,,,,,,
238,33676,Saving the World and Other Extreme Sports,James Patterson,"Patterson, James",,0316155608,9780316155601,,4.14,,,405,2007,2007,,"Jun 02, 2014",,,read,,,,1,,,,,,,,
239,8659601,The Power of Six,Pittacus Lore,"Lore, Pittacus",,0061974552,9780061974557,,4.15,,,406,2011,2011,,"Jun 02, 2014",,,read,,,,1,,,,,,,,
240,359410,Elsewhere,Gabrielle Zevin,"Zevin, Gabrielle",,,,,3.91,,,277,2007,2005,,"Jun 02, 2014",,,read,,,,1,,,,,,,,
241,7719245,Paranormalcy,Kiersten White,"White, Kiersten",,0061985848,9780061985843,,3.87,,,335,2010,2010,,"Jun 02, 2014",,,read,,,,1,,,,,,,,
242,7728889,The Diviners,Libba Bray,"Bray, Libba",,,,,3.94,,,578,2012,2012,,"Jun 06, 2014",,,read,,,,1,,,,,,,,
243,15843071,Coda,Emma Trevayne,"Trevayne, Emma",,0762447281,9780762447282,,3.66,,,320,2013,2013,,"Jun 09, 2014",,,read,,,,1,,,,,,,,
244,13228537,The End Games,T. Michael Martin,"Martin, T. Michael",,0062201808,9780062201805,,3.50,,,369,2013,2013,,"Jun 09, 2014",,,read,,,,1,,,,,,,,
245,12578294,Mind Games,Kiersten White,"White, Kiersten",,0062135317,9780062135315,,3.62,,,237,2013,2013,"Feb 07, 2015","Jun 09, 2014",,,read,,,,1,,,,,,,,
246,10874177,Etiquette & Espionage,Gail Carriger,"Carriger, Gail",,031619008X,9780316190084,,3.82,,,307,2013,2013,,"Jun 09, 2014",,,read,,,,1,,,,,,,,
247,15801226,The Ability,M.M. Vaughan,"Vaughan, M.M.",,1442452005,9781442452008,,4.16,,,330,2013,2013,,"Jun 09, 2014",,,read,,,,1,,,,,,,,
248,19469,The Face on the Milk Carton,Caroline B. Cooney,"Cooney, Caroline B.",,038532328X,9780385323284,,3.72,,,192,1996,1990,,"Jul 28, 2014",,,read,,,,1,,,,,,,,
249,19346451,The Revenge of Seven,Pittacus Lore,"Lore, Pittacus",,0062194720,9780062194725,,4.27,,,371,2014,2014,,"Jul 30, 2014",,,read,,,,1,,,,,,,,
250,12971616,The Rise of Nine,Pittacus Lore,"Lore, Pittacus",,0061974587,9780061974588,,4.17,,,372,2012,2012,,"Jul 30, 2014",,,read,,,,1,,,,,,,,
251,13597723,The Naturals,Jennifer Lynn Barnes,"Barnes, Jennifer Lynn",,1423168232,9781423168232,,4.18,,,308,2013,2013,"Jan 20, 2015","Jul 30, 2014",,,read,,,,1,,,,,,,,
252,13414446,Prodigy,Marie Lu,"Lu, Marie",,0399256768,9780399256769,,4.25,,,371,2013,2013,,"Jul 31, 2014",,,read,,,,1,,,,,,,,
253,10433900,Variant,Robison Wells,"Wells, Robison",,0062026089,9780062026088,,3.93,,,373,2011,2011,,"Aug 01, 2014",,,read,,,,1,,,,,,,,
254,6654104,Percy Jackson & the Olympians:  The Ultimate Guide,Rick Riordan,"Riordan, Rick",,1423121716,9781423121718,,4.09,,,150,2010,2010,,"Aug 01, 2014",,,read,,,,1,,,,,,,,
255,3992598,The Demigod Files,Rick Riordan,"Riordan, Rick",,142312166X,9781423121664,,4.04,,,151,2009,2009,,"Aug 01, 2014",,,read,,,,1,,,,,,,,
256,12127750,The Mark of Athena,Rick Riordan,"Riordan, Rick",,1423140605,9781423140603,,4.45,,,586,2012,2012,,"Aug 01, 2014",,,read,,,,1,,,,,,,,
257,1099301,The Name of This Book Is Secret,Pseudonymous Bosch,"Bosch, Pseudonymous",,0316113662,9780316113663,,4.06,,,364,2007,2007,,"Aug 01, 2014",,,read,,,,1,,,,,,,,
258,119324,The Subtle Knife,Philip Pullman,"Pullman, Philip",,0679879250,9780679879251,,4.14,,,326,1997,1997,,"Aug 05, 2014",,,read,,,,1,,,,,,,,
259,18122,The Amber Spyglass,Philip Pullman,"Pullman, Philip",,0440238153,9780440238157,,4.09,,,465,2003,2000,"Dec 02, 2018","Aug 05, 2014",,,read,,,,2,,,,,,,,
260,13554713,Fairy Tales from the Brothers Grimm: A New English Version,Philip Pullman,"Pullman, Philip",,067002497X,9780670024971,,4.07,,,405,2012,2012,,"Aug 05, 2014",,,read,,,,1,,,,,,,,
261,9307699,La Belle Sauvage,Philip Pullman,"Pullman, Philip",,0385604416,9780385604413,,4.15,,,546,2017,2017,"Dec 06, 2018","Aug 05, 2014",,,read,,,,1,,,,,,,,
262,6371243,The Everafter,Amy Huntley,"Huntley, Amy",,0061776793,9780061776793,,3.71,,,248,2009,2009,,"Aug 09, 2014",,,read,,,,1,,,,,,,,
263,7826116,Behemoth,Scott Westerfeld,"Westerfeld, Scott",,1416971750,9781416971757,,4.17,,,481,2010,2010,,"Aug 10, 2014",,,read,,,,1,,,,,,,,
264,9918083,Goliath,Scott Westerfeld,"Westerfeld, Scott",,1416971777,9781416971771,,4.23,,,543,2011,2011,,"Aug 10, 2014",,,read,,,,1,,,,,,,,
265,15723286,Curtsies & Conspiracies,Gail Carriger,"Carriger, Gail",,,,,4.13,,,310,2013,2013,,"Aug 10, 2014",,,read,,,,1,,,,,,,,
266,20980648,Waistcoats & Weaponry,Gail Carriger,"Carriger, Gail",,0316190276,9780316190275,,4.16,,,298,2014,2014,,"Aug 10, 2014",,,read,,,,1,,,,,,,,
267,18725742,Manners & Mutiny,Gail Carriger,"Carriger, Gail",,0316190284,9780316190282,,4.23,,,326,2015,2015,,"Aug 10, 2014",,,read,,,,1,,,,,,,,
268,86737,City of Masks,Mary Hoffman,"Hoffman, Mary",,1582349177,9781582349176,,3.92,,,345,2004,2002,,"Aug 21, 2014",,,read,,,,1,,,,,,,,
269,10838787,Pawn,Aimee Carter,"Carter, Aimee",,,,,3.80,,,347,2013,2013,"Feb 12, 2015","Aug 21, 2014",,,read,,,,1,,,,,,,,
270,18769644,Hidden Enemy,Pittacus Lore,"Lore, Pittacus",,0062287680,9780062287687,,4.16,,,357,2014,2014,,"Aug 21, 2014",,,read,,,,1,,,,,,,,
271,18367581,Afterworlds,Scott Westerfeld,"Westerfeld, Scott",,1481422340,9781481422345,,3.72,,,599,2014,2014,,"Aug 27, 2014",,,read,,,,1,,,,,,,,
272,8725928,The Unseen Guest,Maryrose Wood,"Wood, Maryrose",,0061791199,9780061791192,,4.09,,,340,2013,2012,,"Aug 27, 2014",,,read,,,,1,,,,,,,,
273,15993203,The Dark Days Club,Alison Goodman,"Goodman, Alison",,0670785474,9780670785476,,3.77,,,485,2016,2015,,"Aug 31, 2014",,,read,,,,1,,,,,,,,
274,17675434,The Unseemly Education of Anne Merchant,Joanna Wiebe,"Wiebe, Joanna",,1939529328,9781939529329,,3.43,,,272,2014,2014,,"Sep 09, 2014",,,read,,,,1,,,,,,,,
275,37442,Wicked: The Life and Times of the Wicked Witch of the West,Gregory Maguire,"Maguire, Gregory",,0060987103,9780060987107,,3.54,,,406,2000,1995,,"Sep 12, 2014",,,read,,,,1,,,,,,,,
276,14201,Jonathan Strange & Mr Norrell,Susanna Clarke,"Clarke, Susanna",,,,,3.84,,,"1,006",2006,2004,"Jan 21, 2016","Sep 18, 2014",,,read,,,,1,,,,,,,,
277,13089710,The Kill Order,James Dashner,"Dashner, James",,0385742886,9780385742887,,3.71,,,327,2012,2012,,"Sep 20, 2014",,,read,,,,1,,,,,,,,
278,17234658,A Thousand Pieces of You,Claudia Gray,"Gray, Claudia",,0062278967,9780062278968,,3.90,,,368,2014,2014,,"Sep 20, 2014",,,read,,,,1,,,,,,,,
279,19286673,Loop,Karen Akins,"Akins, Karen",,1250030986,9781250030986,,3.74,,,336,2014,2014,,"Sep 20, 2014",,,read,,,,1,,,,,,,,
280,18885674,The Scandalous Sisterhood of Prickwillow Place,Julie Berry,"Berry, Julie",,,,,3.79,,,368,2014,2014,"Jan 20, 2015","Sep 26, 2014",,,read,,,,1,,,,,,,,
281,17978149,Knightley & Son,Rohan Gavin,"Gavin, Rohan",,1619631539,9781619631533,,3.59,,,313,2014,2014,,"Sep 27, 2014",,,read,,,,1,,,,,,,,
282,11988046,Pivot Point,Kasie West,"West, Kasie",,0062117378,9780062117373,,4.06,,,343,2013,2013,,"Oct 08, 2014",,,read,,,,1,,,,,,,,
283,24876258,The Aeronaut's Windlass,Jim Butcher,"Butcher, Jim",,0451466802,9780451466808,,4.18,,,630,2015,2015,"Nov 08, 2015","Oct 20, 2014",,,read,,,,1,,,,,,,,
284,13576132,The Murder Complex,Lindsay Cummings,"Cummings, Lindsay",,0062220004,9780062220004,,3.64,,,398,2014,2014,,"Oct 20, 2014",,,read,,,,1,,,,,,,,
285,17564519,Walk on Earth a Stranger,Rae Carson,"Carson, Rae",,0062242911,9780062242914,,3.92,,,436,2015,2015,,"Oct 20, 2014",,,read,,,,1,,,,,,,,
286,11,The Hitchhiker's Guide to the Galaxy,Douglas Adams,"Adams, Douglas",,,,,4.22,,,216,2005,1979,"Aug 11, 2015","Oct 20, 2014",,,read,,,,1,,,,,,,,
287,16068905,Fangirl,Rainbow Rowell,"Rowell, Rainbow",,,,,4.00,,,483,2013,2013,"Feb 27, 2015","Oct 27, 2014",,,read,,,,2,,,,,,,,
288,18602289,Free to Fall,Lauren Miller,"Miller, Lauren",,0062199803,9780062199805,,3.95,,,469,2014,2014,,"Oct 27, 2014",,,read,,,,1,,,,,,,,
289,11043618,What's Left of Me,Kat Zhang,"Zhang, Kat",,0062114875,9780062114877,,3.78,,,343,2012,2012,"Dec 26, 2014","Oct 27, 2014",,,read,,,,1,,,,,,,,
290,8685554,"The Notorious Benedict Arnold: A True Story of Adventure, Heroism & Treachery",Steve Sheinkin,"Sheinkin, Steve",,1596434864,9781596434868,,3.81,,,337,2010,2010,,"Oct 29, 2014",,,read,,,,1,,,,,,,,
291,20384954,Falls the Shadow,Stefanie Gaither,"Gaither, Stefanie",,144249753X,9781442497535,,3.41,,,352,2014,2014,,"Nov 12, 2014",,,read,,,,1,,,,,,,,
292,22525534,H2O,Virginia Bergin,"Bergin, Virginia",,1492606545,9781492606543,,3.49,,,327,2014,2014,"Sep 04, 2015","Nov 12, 2014",,,read,,,,1,,,,,,,,
293,213753,Life As We Knew It,Susan Beth Pfeffer,"Pfeffer, Susan Beth",,0152061548,,,3.88,,,337,2006,2006,Jan 2015,"Nov 12, 2014",,,read,,,,1,,,,,,,,
294,20518838,The Vault of Dreamers,Caragh M. O'Brien,"O'Brien, Caragh M.",,1596439386,9781596439382,,3.61,,,418,2014,2014,,"Nov 12, 2014",,,read,,,,1,,,,,,,,
295,15715844,How to Lead a Life of Crime,Kirsten Miller,"Miller, Kirsten",,1595145184,9781595145185,,3.92,,,434,2013,2013,"Sep 20, 2015","Nov 12, 2014",,,read,,,,1,,,,,,,,
296,18116,His Dark Materials,Philip Pullman,"Pullman, Philip",,0440238609,9780440238607,,4.27,,,"1,088",2003,2000,,"Nov 19, 2014",,,read,,,,1,,,,,,,,
297,389627,Diary of a Wimpy Kid,Jeff Kinney,"Kinney, Jeff",,0810993139,9780810993136,,3.98,,,226,2007,2007,,"Nov 24, 2014",,,read,,,,1,,,,,,,,
298,18190208,The Witch Hunter,Virginia Boecker,"Boecker, Virginia",,031632700X,9780316327008,,3.81,,,362,2015,2015,"Oct 03, 2015","Nov 24, 2014",,,read,,,,1,,,,,,,,
299,9721669,The Horn of Moran,M.L. Forman,"Forman, M.L.",,1606412264,9781606412268,,4.20,,,376,2011,2011,"Jul 02, 2019","Dec 14, 2014",,,read,,,,2,,,,,,,,
300,12184913,Albrek's Tomb,M.L. Forman,"Forman, M.L.",,1609089189,9781609089184,,4.37,,,0,2012,2012,"Jul 26, 2019","Dec 14, 2014",,,read,,,,2,,,,,,,,
301,16092702,Sands of Nezza,M.L. Forman,"Forman, M.L.",,1609073290,9781609073299,,4.36,,,464,2013,2013,"Jul 27, 2019","Dec 14, 2014",,,read,,,,2,,,,,,,,
302,22299648,The Axe of Sundering,M.L. Forman,"Forman, M.L.",,1609079345,9781609079345,,4.37,,,400,2017,2017,"Jul 29, 2019","Dec 14, 2014",,,read,,,,1,,,,,,,,
